Location,Freq.,Band,Station Name,For.,Call Sign,Power,P. Unit
Ajax,95.9,FM,KX 96,c,CJKX-FM,50,kW
Ajax,95.9,HD1,KX 96,c,CJKX-HD,50,kW
Ajax,95.9,HD2,Wave.fm,s,CJKX-HD,50,kW
Ajax,95.9,HD3,CKDO,m,CJKX-HD,50,kW
Algonquin Park,100.1,FM,Weatheradio,i,CJNK-FM,50,w
Algonquin Park East,101.3,FM,Weatheradio,i,CJNK-FM-1,22,w
Algonquin Park East,102.7,FM,Algonquin Park,i,CFOA-FM,10,w
Algonquin Park West,101.3,FM,Weatheradio,i,CJNK-FM-2,22,w
Algonquin Park West,102.7,FM,Algonquin Park,i,CFOA-FM-1,10,w
Amherst Island,92.1,FM,CJAI,o,CJAI-FM,250,w
Apsley,92.9,FM,The Fish 92 9,g,CFSH-FM,50,w
Armstrong,91.3,FM,CBC Radio One,1,CBQT-FM-2,50,w
Arnprior,107.7,FM,Oldies 107.7,m,CFMP-FM,2.5,kW
Atikokan,90.1,FM,CBC Radio One,1,CBQI-FM,2.9,kW
Atikokan,91.1,FM,,i,CKAX-FM,50,w
Atikokan,93.5,FM,91 5 CKPR,p,CKPR-FM-2,180,w
Atikokan,95.9,FM,93 1 The Border,p,CFOB-1-FM,50,w
Attawapiskat,89.9,FM,WRN,e,CKMT-FM,10,w
Attawapiskat,101.5,FM,CBC Radio One,1,CBCA-FM,34,w
Aylmer,105.9,FM,Da Brigj,o,CHPD-FM,250,w
Bancroft,97.7,FM,97 7 Moose FM,p,CHMS-FM,50,kW
Bancroft,99.3,FM,CBC Radio One,1,CBLA-FM-5,269,w
Bancroft,103.5,FM,UCB Canada,g,CKJJ-FM-4,250,w
Barrie,93.1,FM,93 1 Fresh Radio,p,CHAY-FM,100,kW
Barrie,95.7,FM,Rock 95,p,CFJB-FM,100,kW
Barrie,98.5,FM,Tourism Radio,i,CKEY-FM,50,w
Barrie,100.3,FM,Life 100.3,g,CJLF-FM,32.8,kW
Barrie,101.1,FM,101.1 Big FM,p,CIQB-FM,7.5,kW
Barrie,106.7,FM,CFRH,F,CFRH-FM-1,175,w
Barrie,107.5,FM,107 5 Kool FM,p,CKMB-FM,50,kW
Barry’s Bay,106.5,FM,106 5 Moose FM,p,CHBY-FM,12,kW
Beardmore,107.1,FM,CFNO,p,CFNO-FM-3,260,w
Beardmore,1240,AM,CBC Radio One,1,CBLE,40,w
Bearskin Lake,90.1,FM,WRN,e,CFBL-FM,1,w
Bearskin Lake,91.9,FM,Wahsa,e,CIDE-FM-1,10,w
Belleville,91.3,FM,91X,o,CJLX-FM,3.2,kW
Belleville,94.3,FM,IRC Première,A,CJBC-1-FM,42.28,kW
Belleville,95.5,FM,95 5 Hits FM,p,CJOJ-FM,35,kW
Belleville,97.1,FM,Mix 97,p,CIGL-FM,50,kW
Belleville,100.1,FM,Cool 100,c,CHCQ-FM,32,kW
Belleville,102.3,FM,UCB Canada,g,CKJJ-FM,15,kW
Belleville,104.7,FM,CBC Radio One,1,CBO-FM-1,10,kW
Belleville,800,AM,800 CJBQ,c m,CJBQ,10,kW
Big Trout Lake,91.9,FM,Wahsa,e,CIDE-FM-2,10,w
Big Trout Lake,100.3,FM,CBC Radio One CORB,1,CFTL-FM,63,w
Blind River new,98.5,FM,IRC Première,A,CBON-FM-6,136,w
Blind River,1010,AM,IRC Première,A,CBON-6,40,w
Bluewater,91.7,FM,Classic Rock 94 5,p,CIBU-FM-1,6,kW
Bolton,105.5,FM,Moose FM,p,CJFB-FM,50,w
Bracebridge,98.3,FM,Information Radio,i,CIIG-FM,50,w
Bracebridge,99.5,FM,99 5 The Moose,p,CFBG-FM,12,kW
Bracebridge/Gravenhurst,102.3,FM,Country 102,c,CJMU-FM,23,kW
Brampton,530,AM,AM 530,e,CHLO,1/0.25,kW
Brampton,1350,AM,Radio Humsafar,e,CIRF,1/0.045,kW
Brantford,92.1,FM,Jewel 92,m,CKPC-FM,80,kW
Brantford,92.1,HD1,Jewel 92,m,CKPC-HD,80,kW
Brantford,92.1,HD2,Z103 5,p,CKPC-HD,80,kW
Brantford,93.9,FM,Arise Brantford,g,CFWC-FM,250,w
Brantford new,93.9,FM,,c,CFWC-FM,3,kW
Brantford,1380,AM,1380 CKPC,c,CKPC,25,kW
Brighton,100.9,FM,Oldies 100.9,m,CIYM-FM,316,w
Britt,107.7,FM,CBC Radio One,1,CBEZ-FM,49,w
Brockville,91.9,FM,CBC Radio One,1,CBOB-FM,1.571,kW
Brockville,99.9,FM,UCB Canada,g,CKJJ-FM-2,50,w
Brockville,102.1,FM,IRC Première,A,CBOF-FM-7,1.495,kW
Brockville,103.7,FM,103 7 Bob FM,p,CJPT-FM,100,kW
Brockville,104.9,FM,104 9 JR FM,p,CFJR-FM,7.7,kW
Bruce Peninsula Park,90.7,FM,Weatheradio,i,CBPS-FM,50,w
Caledon,102.7,FM,Moose FM,p,CFGM-FM,50,w
Caledon new,102.7,FM,Moose FM,p,CJFB-FM,1.1,kW
Cambridge,107.5,FM,107 5 Dave Rocks,p,CJDV-FM,6,kW
Carlsbad Springs,107.7,FM,Carlsbad Vars Radio,o,CJRO-FM,15,w
Cat Lake,89.9,FM,WRN,e,CJPS-FM,10,w
Cat Lake,91.9,FM,Wahsa,e,CIDE-FM-3,10,w
Chapleau,89.9,FM,CBC Radio One,1,CBCU-FM,345,w
Chapleau,91.9,FM,IRC Première,A,CBON-FM-28,345,w
Chapleau,92.7,FM,CHTI,i,CHIM-FM-8,1,w
Chapleau,93.7,FM,,i,CFJW-FM,50,w
Chapleau,95.9,FM,Le Loup 98.9,F p,CHAP-FM,40,w
Chapleau,100.7,FM,Jjam FM,p,CJWA-FM-1,111,w
Chatham-Kent,88.1,FM,CBC Radio One,1,CBEE-FM,1.43,kW
Chatham-Kent,89.3,FM,UCB Canada,g,CKGW-FM,18.7,kW
Chatham-Kent,92.9,FM,CFCO,c,CFCO-1-FM,250,w
Chatham-Kent,94.3,FM,94 3 CKSY,p,CKSY-FM,50,kW
Chatham-Kent,95.1,FM,Cool FM,p,CKUE-FM,42,kW
Chatham-Kent,630,AM,CFCO,c,CFCO,10/6,kW
Christian Island,101.3,FM,Nish 101.3,e,CKUN-FM,900,w
Clarence-Rockland,92.5,FM,Jewel 92 5,m,CHRC-FM,333,w
Cobourg,89.7,FM,Northumberland 89 7,o,CFWN-FM,700,w
Cobourg,90.7,FM,UCB Canada,g,CHJJ-FM,250,w
Cobourg,93.3,FM,my FM,p,CKSG-FM,15.5,kW
Cobourg,103.1,FM,Classical FM,s,CFMX-FM,86.7,kW
Cobourg,107.9,FM,Classic Rock 107.9,p,CHUC-FM,20,kW
Cochrane,98.1,FM,Moose 98.1,p,CHPB-FM,50,w
Cochrane,102.1,FM,CFCJ,g,CFCJ-FM,37,w
Collingwood,95.1,FM,95 1 The Peak,p,CKCB-FM,350,w
Collingwood,102.9,FM,Classical FM,s,CFMO-FM,23,kW
Constance Lake,89.9,FM,WRN,e,CKID-FM,10,w
Cornwall,88.1,FM,CHRI,g,CHRI-FM-1,50,w
Cornwall,92.1,FM,FM 92.1,F o,CHOD-FM,45.6,kW
Cornwall,95.5,FM,CBC Radio One,1,CBOC-FM,3,kW
Cornwall,98.1,FM,IRC Première,A,CBOF-FM-6,3,kW
Cornwall,101.9,FM,boom 101 9,p,CJSS-FM,3.2,kW
Cornwall,104.5,FM,104 5 Fresh Radio,p,CFLG-FM,28.24,kW
Crystal Beach,90.5,FM,CBC Radio One,1,CBLA-FM-1,740,w
Deep River,97.9,FM,CBC Radio One,1,CBCD-FM-1,50,w
Deer Lake,90.1,FM,WRN,e,CKDL-FM,1,w
Deer Lake,91.9,FM,Wahsa,e,CIDE-FM-4,10,w
Dryden,92.7,FM,CKDR,p,CKDR-FM,39,kW
Dryden,100.9,FM,CBC Radio One,1,CBQH-FM,1.3,kW
Dryden,102.7,FM,IRC Première,A,CKSB-6-FM,1.29,kW
Dryden,104.3,FM,Q104,p,CKQV-FM-1,1.9,kW
Dubreuilville,97.9,FM,IRC Première,A,CBON-FM-11,50,w
Dunvegan,92.1,FM,FM 92.1,F o,CHOD-FM-1,20.5,kW
Ear Falls new,95.5,FM,CBC Radio One,1,CBOI-FM,50,w
Ear Falls,97.5,FM,CKDR,p,CKDR-FM-4,50,w
Ear Falls,690,AM,CBC Radio One,1,CBOI,40,w
Elk Lake,89.7,FM,CBC Radio One,1,CBCG-FM,116,w
Elliot Lake,90.3,FM,CBC Radio One,1,CBEC-FM,264,w
Elliot Lake,98.7,FM,The Moose 94.1,p,CKNR-FM-1,50,w
Elliot Lake,101.7,FM,IRC Première,A,CBON-FM-5,2.64,kW
Elliot Lake,102.5,FM,KFM,g,CJTK-FM-3,865,w
Englehart,103.1,FM,The Train,p,CJBB-FM,2.94,kW
Englehart,105.7,FM,KFM,g,CJTK-FM-7,3.3,kW
Erin,91.7,FM,Erin Radio,o,CHES-FM,2.5,kW
Espanola,94.9,FM,IRC Première,A,CBON-FM-7,520,w
Espanola,99.3,FM,The Moose 99.3,p,CJJM-FM,1.41,kW
Exeter,90.5,FM,my FM,p,CKXM-FM,2.95,kW
Fergus,101.1,FM,The Grand at 101,o,CICW-FM,2.25,kW
Foleyet,1450,AM,CBC Radio One,1,CBLF,40,w
Fort Albany,90.1,FM,WRN,e,CKFA-FM,10,w
Fort Albany,102.3,FM,CBC Radio One,1,CBCI-FM,2.4,kW
Fort Erie,101.1,FM,101.1 More FM,p,CFLZ-FM,50,kW
Fort Frances,89.1,FM,IRC Première,A,CKSB-9-FM,12.17,kW
Fort Frances,90.5,FM,CBC Radio One,1,CBQQ-FM,23.55,kW
Fort Frances,93.1,FM,93 1 The Border,p,CFOB-FM,21,kW
Fort Hope,101.5,FM,CBC Radio One,1,CBCF-FM,60,w
Fort Severn,90.1,FM,WRN,e,CKFS-FM,1,w
Fort Severn,91.9,FM,Wahsa,e,CIDE-FM-5,10,w
Frenchman’s Head,91.1,FM,CKZY 90.3,e,VF2592,10,w
Gananoque,99.9,FM,my FM,p,CJGM-FM,4.47,kW
Georgina new,93.7,FM,93.7 K Country,c,CKOU-FM,39,kW
Georgina Island,92.3,FM,NISH Radio,e,CFGI-FM,650,w
Geraldton,89.1,FM,CBC Radio One,1,CBLG-FM,25.123,kW
Geraldton,93.7,FM,IRC Première,A,CBON-FM-22,9.216,kW
Geraldton,100.7,FM,CFNO,p,CFNO-FM-4,130,w
Goderich,99.7,FM,my FM,p,CIYN-FM-1,750,w
Goderich,104.9,FM,Country 104.9,c,CHWC-FM,12.55,kW
Gogama,104.9,FM,IRC Première,A,CBON-FM-21,5.031,kW
Grimsby/Lincoln new,88.5,FM,,p,CKLK-FM,4,kW
Guelph,93.3,FM,CFRU 93.3 FM,o,CFRU-FM,250,w
Guelph,106.1,FM,Magic 106,p,CIMJ-FM,50,kW
Guelph,1460,AM,CJOY,m,CJOY,10,kW
Haldimand,92.9,FM,92 9 The Grand,p,CHTG-FM,10,kW
Haliburton,92.3,FM,CBC Radio One,1,CBLY-FM,50,w
Haliburton,93.5,FM,93 5 Moose FM,p,CFZN-FM,6,kW
Haliburton,100.9,FM,100.9 Canoe FM,o,CKHA-FM,3.4,kW
Hamilton,93.3,FM,CFMU,o,CFMU-FM,250,w
Hamilton/Burlington,94.7,FM,KX 94 7,c,CHKX-FM,100,kW
Hamilton/Burlington,94.7,HD1,KX 94 7,c,CHKX-HD,100,kW
Hamilton/Burlington,94.7,HD2,Wave.fm,s,CHKX-HD,100,kW
Hamilton/Burlington,94.7,HD3,92 9 The Grand,p,CHKX-HD,100,kW
Hamilton,95.3,FM,Energy 95 3,p,CING-FM,100,kW
Hamilton,95.3,HD1,Energy 95 3,p,CING-HD,100,kW
Hamilton,95.3,HD2,Global N. R. 640 Toronto,n,CING-HD,100,kW
Hamilton,95.3,HD3,Global N. R. 900 CHML,n,CING-HD,100,kW
Hamilton,101.5,FM,The Hawk,o,CIOI-FM,240,w
Hamilton,102.9,FM,102 9 K Lite,m,CKLH-FM,40.3,kW
Hamilton/Burlington,107.9,FM,Y108,p,CJXY-FM,26.1,kW
Hamilton,820,AM,Funny 820,s,CHAM,50/10,kW
Hamilton,900,AM,Global N. R. 900 CHML,n,CHML,50,kW
Hamilton,1150,AM,TSN 1150,n,CKOC,50/20,kW
Hanover,91.3,FM,BWR,o,CFBW-FM,250,w
Hawkesbury,88.9,FM,Rouge fm,F p,CIMF-FM-1,1.25,kW
Hawkesbury,102.1,FM,Wow 104.9 102.1,F p,CHPR-FM,780,w
Hawkesbury,107.7,FM,Jewel 107 7,m,CKHK-FM,1.1,kW
Hearst,90.3,FM,IRC Première,A,CBON-FM-26,8.34,kW
Hearst,91.1,FM,CINN FM,F p,CINN-FM,5.46,kW
Hearst,91.9,FM,CBC Radio One,1,CBCC-FM,8.34,kW
Hearst,94.5,FM,The Moose,p,CKHT-FM,130,w
Hearst,95.5,FM,CHTI,i,VF2597,2,w
Hornepayne,92.3,FM,CBC Radio One,1,CBQT-FM-1,50,w
Hornepayne,107.1,FM,CFNO,p,CFNO-FM-2,280,w
Hudson,97.5,FM,CKDR,p,CKDR-FM-3,27,w
Huntsville,88.7,FM,Hunters Bay Radio,o,CKAR-FM,5.7,kW
Huntsville,94.3,FM,CBC Radio One,1,CBLU-FM,70,kW
Huntsville,98.9,FM,Life 100.3,g,CJLF-FM-3,750,w
Huntsville,105.5,FM,105 5 Moose FM,p,CFBK-FM,43.4,kW
Huntsville,106.9,FM,CBC Music,2,CBL-FM-1,70,kW
Ignace,97.5,FM,CKDR,p,CKDR-FM-1,50,w
Ignace,690,AM,CBC Radio One,1,CBES,40,w
Innisfil,96.9,FM,Tourism Radio,i,VF2561,1,w
Iroquois Falls,101.1,FM,Moose 98.1,p,CFIF-FM,33,w
Iroquois Falls,102.7,FM,CHTI,i,CHIM-FM-2,2,w
Iroquois Falls,105.9,FM,KFM,g,CJTK-FM-11,540,w
Kaministiquia,104.5,FM,Energy 103 104,p,CFQK-FM,50,w
Kapuskasing,88.5,FM,KFM,g,CJTK-FM-12,510,w
Kapuskasing,89.7,FM,CKGN,F,CKGN-FM,3,kW
Kapuskasing,90.7,FM,IRC Première,A,CBON-FM-24,43.9,kW
Kapuskasing,92.3,FM,CHTI,i,CHIM-FM-10,2,w
Kapuskasing,100.9,FM,The Moose,p,CKAP-FM,12,kW
Kapuskasing,105.1,FM,CBC Radio One,1,CBOK-FM,43.9,kW
Kasabonika,90.1,FM,WRN,e,CFKP-FM,1,w
Kasabonika,91.9,FM,Wahsa,e,CIDE-FM-6,10,w
Kashechewan,90.1,FM,WRN,e,CKAS-FM,1,w
Kawartha Lakes,91.9,FM,91 9 Bob FM,p,CKLY-FM,11.4,kW
Keewaywin,91.9,FM,Wahsa,e,CIDE-FM-21,8,w
Keewaywin,107.9,FM,,e,VF2574,16,w
Kemptville,97.5,FM,97 5 Juice FM,p,CKVV-FM,2.26,kW
Kenora,89.5,FM,89 5 The Lake,p,CJRL-FM,50,kW
Kenora,93.5,FM,IRC Première,A,CKSB-7-FM,21.721,kW
Kenora,98.7,FM,CBC Radio One,1,CBQX-FM,41.222,kW
Kenora,104.5,FM,Q104,p,CKQV-FM-2,1.6,kW
Kettle Point,107.7,FM,The Eagle,e,CKTI-FM,420,w
Killaloe,102.9,FM,CHCR,o,CHCR-FM,33,w
Kincardine,95.5,FM,my FM,p,CIYN-FM,5.66,kW
Kingfisher Lake,90.1,FM,WRN,e,CFKL-FM,1,w
Kingfisher Lake,91.9,FM,Wahsa,e,CIDE-FM-7,10,w
Kingston,91.9,FM,The Cave,o,CKVI-FM,2,kW
Kingston,92.9,FM,CBC Music,2,CBBK-FM,1.2,kW
Kingston,93.5,FM,Country 93.5,c,CKXC-FM,7.5,kW
Kingston,96.3,FM,96 3 Big FM,p,CFMK-FM,28,kW
Kingston,98.3,FM,98 3 Fly FM,p,CFLY-FM,95.5,kW
Kingston,98.9,FM,Pure Country 99,c,CKLC-FM,15,kW
Kingston,99.5,FM,IRC Première,A,CJBC-2-FM,1.563,kW
Kingston,100.5,FM,UCB Canada,g,CKJJ-FM-3,50,w
Kingston,101.9,FM,CFRC,o,CFRC-FM,3,kW
Kingston,104.3,FM,104 3 Fresh Radio,p,CKWS-FM,8,kW
Kingston,105.7,FM,K Rock 105 7,p,CIKR-FM,50,kW
Kingston,107.5,FM,CBC Radio One,1,CBCK-FM,100,kW
Kirkland Lake,90.3,FM,CBC Radio One,1,CBCR-FM,2.65,kW
Kirkland Lake,93.7,FM,IRC Première,A,CBON-FM-1,2.65,kW
Kirkland Lake,99.1,FM,CHTI,i,CHIM-FM-3,2,w
Kirkland Lake,101.5,FM,CJKL FM,p,CJKL-FM,23,kW
Kitchener/Waterloo,88.3,FM,CJIQ,o,CJIQ-FM,8.22,kW
Kitchener/Brantford,89.1,FM,CBC Radio One,1,CBLA-FM-2,10.4,kW
Kitchener/Brantford,89.9,FM,Ici musique,Q,CJBC-FM-2,14.8,kW
Kitchener/Brantford,90.7,FM,CBC Music,2,CBL-FM-2,8.23,kW
Kitchener/Waterloo,91.5,FM,91 5 The Beat,p,CKBT-FM,10,kW
Kitchener/Waterloo,93.7,FM,Faith FM,g,CJTW-FM,420,w
Kitchener,96.7,FM,CHYM 96.7,p,CHYM-FM,80,kW
Kitchener/Waterloo,98.5,FM,98.5 CKWR,o,CKWR-FM,2.4,kW
Kitchener,99.5,FM,99.5 KFun,m,CKKW-FM,4.3,kW
Kitchener new,99.5,HD1,,,CKKW-HD,4.3,kW
Kitchener/Waterloo,102.7,FM,CKMS,o,CKMS-FM,250,w
Kitchener,105.3,FM,105 3 Virgin Radio,p,CFCA-FM,100,kW
Kitchener/Waterloo,106.7,FM,Country 106.7,c,CIKZ-FM,5,kW
Kitchener,570,AM,570 News,n,CKGL,10,kW
Lac Seul/Kejick Bay,90.3,FM,CKZY 90.3,e,CKZY-FM,10,w
Lac Seul/Kejick Bay,91.9,FM,Wahsa,e,CIDE-FM-8,10,w
Leamington,91.9,FM,CBC Radio One,1,CBEW-FM-1,10.45,kW
Leamington,92.7,FM,Country 95 9,c,CJSP-FM,4,kW
Leamington,96.7,FM,Mix 96.7,p,CHYR-FM,27,kW
Leamington,103.1,FM,IRC Première,A,CBEF-1-FM,1,kW
Listowel new,100.1,FM,,p,CHLP-FM,8,kW
Little Current,102.1,FM,KFM,g,CJTK-FM-2,1.3,kW
London,92.7,FM,Pure Country 93,c,CJBX-FM,50,kW
London,93.5,FM,CBC Radio One,1,CBCL-FM,100,kW
London,94.9,FM,Radio Western,o,CHRW-FM,6,kW
London,95.9,FM,FM 96,p,CFPL-FM,300,kW
London,97.5,FM,97 5 Virgin Radio,p,CIQM-FM,50,kW
London,98.1,FM,Classic Rock 98 1,p,CKLO-FM,40,kW
London,99.3,FM,IRC Première,A,CJBC-4-FM,15.34,kW
London,99.9,FM,Faith FM,g,CHJX-FM,500,w
London,100.5,FM,CBC Music,2,CBBL-FM,15.34,kW
London,102.3,FM,Jack 102 3,p,CHST-FM,100,kW
London,106.9,FM,106.9 The X,o,CIXX-FM,3,kW
London,980,AM,980 CFPL,n,CFPL,10/5,kW
London,1290,AM,NewsTalk 1290,n,CJBK,10,kW
Longlac,107.1,FM,CFNO,p,CFNO-FM-5,4,w
Manitoulin Island,94.1,FM,The Moose 94.1,p,CKNR-FM,90,kW
Manitoulin Island,97.5,FM,CBC Radio One,1,CBCE-FM,21,kW
Manitoulin Island,100.7,FM,Hits 100,p,CFRM-FM,15,kW
Manitoulin Island,103.1,FM,Country 103,c,CHAW-FM,24.8,kW
Manitouwadge,89.7,FM,CBC Radio One,1,CBEB-FM,4.78,kW
Manitouwadge,96.9,FM,IRC Première,A,CBON-FM-23,143,w
Marathon,93.1,FM,CFNO,p,CFNO-FM,50,kW
Marathon,102.3,FM,IRC Première,A,CBON-FM-29,3.862,kW
Marathon,107.5,FM,CBC Radio One,1,CBLM-FM,3.935,kW
Markham,105.9,FM,105.9 The Region,e,CFMS-FM,3,kW
Markham,105.9,HD1,,,CFMS-HD,3,kW
Markham,105.9,HD2,,,CFMS-HD,3,kW
Markham,105.9,HD3,,,CFMS-HD,3,kW
Markham,105.9,HD4,,,CFMS-HD,3,kW
Mattawa,93.9,FM,KFM,g,CJTK-FM-4,50,w
Mattawa,1090,AM,IRC Première,A,CBON-12,40,w
Mattawa,1240,AM,CBC Radio One,1,CBLO,40,w
Maynooth,89.3,FM,CBC Radio One,1,CBOD-FM,110,w
Maynooth,94.7,FM,UCB Canada,g,CKJJ-FM-5,32,w
M’Chigeeng,88.9,FM,Gimaa Radio,e,CHYF-FM,50,w
Meaford,99.3,FM,Jewel 99 3,m,CJGB-FM,100,w
Michipicoten River,100.7,FM,Jjam FM,p,CJWA-FM-3,5,w
Midland,104.1,FM,104.1 The Dock,p,CICZ-FM,20,kW
Milton,101.3,FM,my FM,p,CJML-FM,2,kW
Mississauga,960,AM,News Talk Sauga 960,n,CKNT,2/0.28,kW
Mississauga new,1490,AM,CHTO AM,e,CHTO-1,23/770,w
Mississauga,1650,AM,CINA 1650,e,CINA,5/0.68,kW
Moose Factory,107.1,FM,The Island,e,CJFI-FM,50,w
Moosonee,89.9,FM,CKZY 90.3,e,VF2372,8,w
Moosonee,99.9,FM,CBC Radio One,1,CBEY-FM,135,w
Mount Forest,88.7,FM,The River,o,CIWN-FM,1.88,kW
Muskrat Dam,91.9,FM,Wahsa,e,CIDE-FM-9,10,w
Muskrat Dam,105.1,FM,WRN,e,CFMD-FM,1,w
Naicatchewenin,90.1,FM,WRN,e,CFNP-FM,10,w
Nakina,98.1,FM,CBC Radio One,1,CBLN-FM,50,w
Nakina,107.1,FM,CFNO,p,CFNO-FM-7,49,w
Napanee,88.7,FM,my FM,p,CKYM-FM,11.1,kW
New Liskeard,103.5,FM,CHTI,i,CHIM-FM-4,1,w
New Tecumseth,92.1,FM,my FM,p,CIMA-FM,3.75,kW
Newmarket,88.5,FM,Jewel 88 5,m,CKDX-FM,30,kW
Newmarket,102.7,FM,102.7 CHOP FM,o,CHOP-FM,5,w
Neyaashiinigmiing,100.1,FM,CHFN 100.1 FM,e,CHFN-FM,72,w
Niagara Falls,105.1,FM,105.1 The River,p,CJED-FM,15,kW
Nipigon new,92.5,FM,UCB Canada,g,CJOA-FM-1,50,w
Nipigon,97.3,FM,IRC Première,A,CBON-FM-19,2,kW
Nipigon,98.9,FM,CBC Radio One,1,CBQY-FM,2,kW
Nipigon,100.7,FM,CFNO,p,CFNO-FM-1,200,w
North Bay new,90.5,FM,,m,CFCH-FM,45.8,kW
North Bay,92.5,FM,CHTI,i,CHIM-FM-1,50,w
North Bay,95.1,FM,IRC Première,A,CBON-FM-17,100,kW
North Bay,96.1,FM,CBC Radio One,1,CBCN-FM,100,kW
North Bay,100.5,FM,Kiss 100.5,p,CHUR-FM,100,kW
North Bay,101.9,FM,101 9 Rock,p,CKFX-FM,100,kW
North Bay,103.5,FM,KFM,g,CJTK-FM-1,800,w
North Bay,104.9,FM,,i,CKTR-FM,31,w
North Bay,106.3,FM,106 3 Moose FM,p,CFXN-FM,10,kW
North Bay,600,AM,Country 600,c,CKAT,10/5,kW
North Spirit Lake,91.9,FM,Wahsa,e,CIDE-FM-10,10,w
Oakville,1250,AM,Joy Radio,g,CJYE,10,kW
Oakville,1320,AM,CJMR 1320,e,CJMR,10,kW
Ohsweken,93.5,FM,Jukasa Radio,e,CJKS-FM,75,w
Ohsweken,100.3,FM,CKRZ,e,CKRZ-FM,5,kW
Orangeville,101.5,FM,my FM,p,CKMO-FM,625,w
Orangeville,103.5,FM,Z103 5,p,CIDC-FM,30.7,kW
Orangeville,103.5,HD1,Z103 5,p,CIDC-HD,30.7,kW
Orillia,89.1,FM,89 1 Max FM,p,CISO-FM,2.5,kW
Orillia,90.7,FM,CBC Music,2,CBL-FM-3,5.5,kW
Orillia,91.5,FM,CBC Radio One,1,CBCO-FM,13.52,kW
Orillia,105.9,FM,Pure Country 106,c,CICX-FM,20,kW
Oshawa,94.9,FM,94 9 The Rock,p,CKGE-FM,50,kW
Oshawa,107.7,FM,CKDO,m,CKDO-FM-1,2,kW
Oshawa,1580,AM,CKDO,m,CKDO,10,kW
Osnaburgh,91.9,FM,Wahsa,e,CIDE-FM-11,10,w
Osnaburgh,104.5,FM,CBC Radio One,1,CBQN-FM,81,w
Ottawa,88.5,FM,Live 88 5,p,CILV-FM,90,kW
Ottawa,89.1,FM,CHUO,o,CHUO-FM,18.1,kW
Ottawa,89.9,FM,Hot 89 9,p,CIHT-FM,27,kW
Ottawa,90.7,FM,IRC Première,A,CBOF-FM,84,kW
Ottawa new,90.7,HD1,,,CBOF-HD,84,kW
Ottawa,91.5,FM,CBC Radio One,1,CBO-FM,84,kW
Ottawa new,91.5,HD1,,,CBO-HD,84,kW
Ottawa,92.3,FM,Paroisse du Sacré-Coeur,F g,VF8013,1,w
Ottawa,92.7,FM,,F g,CJVN-FM,50,w
Ottawa,93.1,FM,CKCU,o,CKCU-FM,12,kW
Ottawa,93.9,FM,Pure Country 94,c,CKKL-FM,95,kW
Ottawa,94.5,FM,Unique FM,F o,CJFO-FM,2,kW
Ottawa,95.7,FM,elmnt fm,e,CFPO-FM,9.1,kW
Ottawa,95.7,HD1,elmnt fm,e,CFPO-HD,9.1,kW
Ottawa,97.9,FM,CHIN,e,CJLL-FM,6.77,kW
Ottawa,98.5,FM,Jewel 98 5,m,CJWL-FM,2.5,kW
Ottawa,99.1,FM,CHRI,g,CHRI-FM,66,kW
Ottawa,99.7,FM,boom 99 7,p,CJOT-FM,100,kW
Ottawa,100.3,FM,Majic 100,p,CJMJ-FM,100,kW
Ottawa,100.3,HD1,Majic 100,p,CJMJ-HD,100,kW
Ottawa,100.3,HD2,News Talk 580 CFRA,n,CJMJ-HD,100,kW
Ottawa,100.3,HD3,TSN 1200,n,CJMJ-HD,100,kW
Ottawa,101.7,FM,Rebel 101.7,p,CIDG-FM,21,kW
Ottawa,102.5,FM,Ici musique,Q,CBOX-FM,84,kW
Ottawa,103.3,FM,CBC Music,2,CBOQ-FM,84,kW
Ottawa,105.3,FM,Kiss 105 3,p,CISS-FM,84,kW
Ottawa,106.1,FM,Chez 106,p,CHEZ-FM,100,kW
Ottawa,106.9,FM,Jump 106 9,p,CKQB-FM,84,kW
Ottawa,107.9,FM,CKDJ,o,CKDJ-FM,100,w
Ottawa,580,AM,News Talk 580 CFRA,n,CFRA,50/30,kW
Ottawa,1200,AM,TSN 1200,n,CFGO,50,kW
Ottawa,1310,AM,1310 News,n,CIWW,50,kW
Ottawa,1630,AM,AM 1630,i,CHYW,99,w
Owen Sound,90.1,FM,Life 100.3,g,CJLF-FM-1,75,w
Owen Sound,92.3,FM,92.3 The Dock,p,CJOS-FM,9.4,kW
Owen Sound,93.7,FM,Country 93,c,CKYC-FM,22,kW
Owen Sound,97.1,FM,CBC Music,2,CBL-FM-4,20.22,kW
Owen Sound,98.7,FM,CBC Radio One,1,CBCB-FM,100,kW
Owen Sound,106.5,FM,Mix 106.5,p,CIXK-FM,28,kW
Owen Sound,560,AM,560 CFOS,m,CFOS,7.5/1,kW
Parry Island,91.3,FM,ReZ 91,e,CHRZ-FM,60,w
Parry Sound,88.9,FM,Weatheradio,i,CBPO-FM,20,w
Parry Sound,89.9,FM,CBC Radio One,1,CBLR-FM,180,w
Parry Sound,103.3,FM,The Moose 103 3,p,CKLP-FM,46.6,kW
Pembroke,92.5,FM,CBC Radio One,1,CBCD-FM,100,kW
Pembroke,96.7,FM,Pure Country 96 7,c,CHVR-FM,100,kW
Pembroke,99.9,FM,Jump 106 9,p,CKQB-FM-1,7.5,kW
Pembroke,100.7,FM,CHRI,g,CHRI-FM-2,22,w
Pembroke,104.9,FM,my FM,p,CIMY-FM,34,kW
Penetanguishene,88.1,FM,CFRH,F,CFRH-FM,40,kW
Penetanguishene,89.7,FM,CBC Radio One,1,CBCM-FM,1.76,kW
Penetanguishene,96.5,FM,IRC Première,A,CJBC-3-FM,28.311,kW
Perth,88.1,FM,Lake 88,p,CHLK-FM,5.4,kW
Peterborough,89.3,FM,Life 100.3,g,CJLF-FM-2,500,w
Peterborough,90.5,FM,freq 90.5,p,CJMB-FM,175,w
Peterborough,92.7,FM,Trent Radio,o,CFFF-FM,700,w
Peterborough,96.7,FM,Oldies 96.7,m,CJWV-FM,7,kW
Peterborough,98.7,FM,CBC Radio One,1,CBCP-FM,12.438,kW
Peterborough,99.7,FM,Energy 99 7,p,CKPT-FM,11,kW
Peterborough,100.5,FM,100.5 Fresh Radio,p,CKRU-FM,15,kW
Peterborough,101.5,FM,101.5 The Wolf,p,CKWF-FM,15.2,kW
Peterborough,103.9,FM,CBC Music,2,CBBP-FM,12.438,kW
Peterborough,105.1,FM,Pure Country 105,c,CKQM-FM,7.5,kW
Peterborough,106.3,FM,IRC Première,A,CJBC-5-FM,12.438,kW
Pickle Lake,96.5,FM,CJTL,e g,CJTL-FM,50,w
Pickle Lake,105.1,FM,CBC Radio One,1,CBQP-FM,83,w
Pigeon River,97.3,FM,Superior Information Radio,i,CIPR-FM,2,w
Pikangikum,91.9,FM,Wahsa,o,CIDE-FM-12,10,w
Pikangikum,100.3,FM,CBC Radio One,1,CBQU-FM,34,w
Point Pelee National Park,90.7,FM,Point Pelee National Park,i,CJPP-FM,50,w
Poplar Hill,90.1,FM,WRN,o,CFBY-FM,10,w
Poplar Hill,91.9,FM,Wahsa,o,CIDE-FM-13,10,w
Prescott,107.9,FM,107 9 Coast FM,p,CKPP-FM,4.2,kW
Prince Edward,99.3,FM,99.3 County FM,o,CJPE-FM,3,kW
Quinte West,107.1,FM,Rock 107,p,CJTN-FM,15,kW
Red Lake,90.5,FM,CBC Radio One,1,CBEA-FM,82,w
Red Lake,97.1,FM,CKDR,p,CKDR-5-FM,420,w
Renfrew,96.1,FM,my FM,p,CHMY-FM,7.1,kW
Renfrew,98.7,FM,Valley Heritage Radio,s,CJHR-FM,20,kW
Rolphton,1400,AM,IRC Première,A,CBOF-4,40,w
Sachigo Lake,90.1,FM,WRN,o,CFEY-FM,1,w
Sachigo Lake,91.9,FM,Wahsa,o,CIDE-FM-14,10,w
Sandy Lake,91.9,FM,Wahsa,o,CIDE-FM-15,10,w
Sandy Lake,101.1,FM,CBC Radio One,1,CBQV-FM,37,w
Sarnia,90.3,FM,CBC Radio One,1,CBEG-FM,1.8,kW
Sarnia,99.9,FM,99.9 The Fox,p,CFGX-FM,26,kW
Sarnia,101.5,FM,IRC Première,A,CBEF-3-FM,1.886,kW
Sarnia,103.9,FM,CHOK,c,CHOK-1-FM,200,w
Sarnia,106.3,FM,Cool 106.3,p,CHKS-FM,50,kW
Sarnia,1070,AM,CHOK,c,CHOK,10,kW
Saugeen Shores,90.9,FM,my FM,p,CIYN-FM-2,3.1,kW
Saugeen Shores,97.9,FM,98 The Beach,m,CFPS-FM,8.3,kW
Sault Ste. Marie,88.1,FM,IRC Première,A,CBON-FM-18,3.59,kW
Sault Ste. Marie,89.5,FM,CBC Radio One,1,CBSM-FM,46,kW
Sault Ste. Marie,92.9,FM,,i,CFWJ-FM,50,w
Sault Ste. Marie,97.3,FM,CHTI,i,CHIM-FM-6,50,w
Sault Ste. Marie,100.5,FM,Kiss 100.5,p,CHAS-FM,13.9,kW
Sault Ste. Marie,104.3,FM,Country 104.3,c,CJQM-FM,100,kW
Sault Ste. Marie,106.5,FM,KFM,g,CJTK-FM-8,2.2,kW
Savant Lake,104.9,FM,CBC Radio One,1,CBQL-FM,135,w
Schreiber new,90.9,FM,CBC Radio One,1,CBLB-FM,130,w
Schreiber,1340,AM,CBC Radio One,1,CBLB,40,w
Seine River,89.9,FM,WRN,o,CHIX-FM,10,w
Shelburne,102.5,FM,CBC Radio One,1,CBLA-FM-4,6,kW
Shelburne,104.9,FM,Country 105,c,CFDC-FM,36.2,kW
Simcoe,98.9,FM,my FM,p,CHCD-FM,50,kW
Simcoe,99.7,FM,Oldies 99.7,m,CKNC-FM,18,kW
Sioux Lookout,89.9,FM,WRN,o,CKWT-FM,224,w
Sioux Lookout,91.9,FM,Wahsa,o,CIDE-FM,10,w
Sioux Lookout,95.3,FM,CBC Radio One,1,CBLS-FM,500,w
Sioux Lookout,97.1,FM,CKDR,p,CKDR-2-FM,166,w
Sioux Lookout,104.5,FM,Q104,p,CKQV-FM-3,49,w
Sioux Narrows,91.1,FM,,o,CKSX-FM,50,w
Sioux Narrows,95.7,FM,CBC Radio One,1,CBQS-FM,1.3,kW
Slate Falls,90.1,FM,WRN,o,CHBJ-FM,10,w
Slate Falls,91.9,FM,Wahsa,o,CIDE-FM-16,10,w
Smiths Falls,92.3,FM,Jack 92 3,p,CJET-FM,17,kW
Smiths Falls,101.1,FM,Country 101 1,c,CKBY-FM,100,kW
Smooth Rock Falls,94.7,FM,CKGN,F,CKGN-FM-1,250,w
Smooth Rock Falls,101.9,FM,CHTI,i,VF2619,2,w
Spring Bay,104.9,FM,KFM,g,CJTK-FM-10,530,w
St. Catharines,93.3,FM,St. Lawrence Seaway M. Co.,i,CFBN-FM,50,w
St. Catharines,97.7,FM,97 7 HITZ FM,p,CHTZ-FM,50,kW
St. Catharines new,97.7,HD1,,,CHTZ-HD,50,kW
St. Catharines,103.7,FM,CFBU,o,CFBU-FM,250,w
St. Catharines,105.7,FM,105.7 EZ Rock,m,CHRE-FM,50,kW
St. Catharines,610,AM,610 CKTB,n,CKTB,10/5,kW
St. Catharines,1220,AM,CFAJ 1220,m,CFAJ,10,kW
St. Thomas,90.1,FM,Faith Baptist Church,g,VF8016,1,w
St. Thomas,94.1,FM,my FM,p,CKZM-FM,4.37,kW
St. Thomas,103.1,FM,103 1 Fresh Radio,p,CFHK-FM,60,kW
Stratford,107.1,FM,107 1  Juice FM,m,CJCS-FM,4,kW
Stratford,107.7,FM,107 7 2Day FM,p,CHGK-FM,6,kW
Strathroy,105.7,FM,my FM,p,CJMI-FM,1.75,kW
Sudbury,90.1,FM,CBC Music,2,CBBS-FM,50,kW
Sudbury,90.9,FM,Ici musique,Q,CBBX-FM,50,kW
Sudbury,91.7,FM,Pure Country 91 7,c,CICS-FM,50,kW
Sudbury,92.7,FM,92 7 Rock,p,CJRQ-FM,100,kW
Sudbury,93.5,FM,Hot 93 5,p,CIGM-FM,100,kW
Sudbury,95.5,FM,KFM,g,CJTK-FM,8.1,kW
Sudbury,96.7,FM,CKLU,o,CKLU-FM,2,kW
Sudbury,98.1,FM,IRC Première,A,CBON-FM,50,kW
Sudbury,98.9,FM,Le Loup 98.9,F p,CHYC-FM,3.82,kW
Sudbury,99.9,FM,CBC Radio One,1,CBCS-FM,50,kW
Sudbury,101.7,FM,CHTI,i,CKJC-FM,50,w
Sudbury,102.9,FM,,i,CKBB-FM,33,w
Sudbury,103.9,FM,Rewind 103.9,m,CHNO-FM,100,kW
Sudbury,105.3,FM,Kiss 105.3,p,CJMX-FM,100,kW
Sunderland,89.9,FM,KX 96,c,CJKX-FM-1,5,kW
Sundridge,98.3,FM,KFM,g,CJTK-FM-9,540,w
Temagami,92.1,FM,CHTI,i,CJTI-FM,1,w
Temagami,106.1,FM,CBC Radio One,1,CBCS-FM-1,50,w
Temiskaming Shores,99.7,FM,IRC Première,A,CBON-FM-2,780,w
Temiskaming Shores,100.9,FM,KFM,g,CJTK-FM-6,530,w
Temiskaming Shores,102.3,FM,CBC Radio One,1,CBCY-FM,780,w
Temiskaming Shores,104.5,FM,CJTT FM,p,CJTT-FM,10,kW
Thamesville,104.3,FM,The Buck,e,CKBK-FM,50,w
Thunder Bay,88.3,FM,CBC Radio One,1,CBQT-FM,23.73,kW
Thunder Bay,89.3,FM,IRC Première,A,CBON-FM-20,16.5,kW
Thunder Bay,90.5,FM,T. B. Information Radio,i,CKSI-FM,50,w
Thunder Bay,91.5,FM,91 5 CKPR,p,CKPR-FM,100,kW
Thunder Bay,94.3,FM,Rock 94,p,CJSD-FM,93,kW
Thunder Bay,95.1,FM,UCB Canada,g,CJOA-FM,250,w
Thunder Bay,97.1,FM,Superior Information Radio,i,CITB-FM,8,w
Thunder Bay,98.1,FM,CJTL,e g,CJTL-FM-1,50,w
Thunder Bay,99.9,FM,99 9 The Bay,p,CJUK-FM,250,w
Thunder Bay,101.7,FM,CBC Music,2,CBQ-FM,25,kW
Thunder Bay,102.7,FM,LU Radio,o,CILU-FM,134,w
Thunder Bay/Shuniah Tnsp.,103.5,FM,Energy 103 104,p,CKED-FM,10,w
Thunder Bay,105.3,FM,Country 105,c,CKTG-FM,100,kW
Tillsonburg,88.7,FM,CBC Radio One,1,CBCL-FM-1,1.28,kW
Tillsonburg,101.3,FM,Easy 101 3,m,CKOT-FM,26,kW
Tillsonburg,107.3,FM,Country 107.3,c,CJDL-FM,7.8,kW
Timmins,92.1,FM,92 1 Rock,p,CJQQ-FM,40,kW
Timmins,93.1,FM,93 1 Moose FM,p,CHMT-FM,16.4,kW
Timmins,94.3,FM,,i,CKTT-FM,50,w
Timmins,96.1,FM,CBC Radio One,1,CBCJ-FM,11,kW
Timmins,97.1,FM,IRC Première,A,CBON-FM-25,11,kW
Timmins,99.3,FM,Kiss 99.3,p,CKGB-FM,40,kW
Timmins,102.3,FM,CHTI,i,CHIM-FM,32,w
Timmins,104.1,FM,Le Loup 104.1,F,CHYK-FM,2.8,kW
Timmins,105.5,FM,KFM,g,CJTK-FM-5,1.4,kW
Timmins,106.7,FM,WRN,e,CJWT-FM,50,w
Tobermory new,91.9,FM,92 The Wave,m,,5.234,kW
Toronto,88.1,FM,Indie 88,p,CIND-FM,12,kW
Toronto,88.1,HD1,Indie 88,p,CIND-HD,12,kW
Toronto,88.1,HD2,Active Rock,p,CIND-HD,12,kW
Toronto,88.9,FM,Red FM,e,CIRV-FM,4.18,kW
Toronto,88.9,HD1,Red FM,e,CIRV-HD,4.18,kW
Toronto,88.9,HD2,,e,CIRV-HD,4.18,kW
Toronto,88.9,HD3,,e,CIRV-HD,4.18,kW
Toronto,88.9,HD4,Red FM,e,CIRV-HD,4.18,kW
Toronto,89.5,FM,CIUT,o,CIUT-FM,15,kW
Toronto,89.5,HD1,,,CIUT-HD,15,kW
Toronto,90.3,FM,Ici musique,Q,CJBC-FM,10,kW
Toronto,90.3,HD1,Ici musique,Q,CJBC-HD,10,kW
Toronto,90.3,HD2,IRC Première,A,CJBC-HD,10,kW
Toronto,91.1,FM,Jazz FM 91,s,CJRT-FM,40,kW
Toronto,91.9,FM,CHIN,e,CHIN-1-FM,5,kW
Toronto,92.5,FM,Kiss 92 5,p,CKIS-FM,13,kW
Toronto,92.5,HD1,Kiss 92 5,p,CKIS-HD,13,kW
Toronto,92.5,HD2,680 News,n,CKIS-HD,13,kW
Toronto,92.5,HD3,Sportsnet 590 The Fan,n,CKIS-HD,13,kW
Toronto,93.5,FM,Flow 93 5,p,CFXJ-FM,3.706,kW
Toronto,94.1,FM,CBC Music,2,CBL-FM,38,kW
Toronto,95.9,FM,KX 96,c,CJKX-FM-2,220,w
Toronto,96.3,FM,Classical FM,s,CFMZ-FM,60,kW
Toronto,96.3,HD1,Classical FM,s,CFMZ-HD,60,kW
Toronto,96.3,HD2,Zoomer Radio,m,CFMZ-HD,60,kW
Toronto,96.3,HD3,,,CFMZ-HD,60,kW
Toronto,96.7,FM,Zoomer Radio,m,CFZM-1-FM,82,w
Toronto,96.9,FM,Radio Humber,o,CKHC-FM,60,w
Toronto,97.3,FM,boom 97 3,p,CHBM-FM,28.9,kW
Toronto,98.1,FM,98.1 CHFI,m,CHFI-FM,44,kW
Toronto,98.7,FM,G98 7,p,CKFG-FM,1,kW
Toronto,99.1,FM,CBC Radio One,1,CBLA-FM,98,kW
Toronto new,99.1,HD1,CBC Radio One,1,CBLA-HD,98,kW
Toronto,99.9,FM,99 9 Virgin Radio,p,CKFM-FM,40,kW
Toronto,99.9,HD1,99 9 Virgin Radio,p,CKFM-HD,12.8,kW
Toronto,99.9,HD2,NewsTalk 1010,n,CKFM-HD,12.8,kW
Toronto,99.9,HD3,TSN 1050,n,CKFM-HD,12.8,kW
Toronto,99.9,HD4,Pure Country,c,CKFM-HD,12.8,kW
Toronto,100.7,FM,CHIN,e,CHIN-FM,8.5,kW
Toronto,101.3,FM,CMR,e,CJSA-FM,850,w
Toronto,101.3,HD1,CMR,e,CJSA-HD,850,w
Toronto,101.3,HD2,Tamil Diversity Radio,e,CJSA-HD,850,w
Toronto,101.3,HD3,Hindi Diversity Radio,e,CJSA-HD,850,w
Toronto,101.3,HD4,Punjabi Diversity Radio,e,CJSA-HD,850,w
Toronto,102.1,FM,102.1 The Edge,p,CFNY-FM,35.4,kW
Toronto/Scarborough,102.7,FM,East FM,e,CJRK-FM,1.2,kW
Toronto,103.9,FM,Proud FM,s,CIRR-FM,225,w
Toronto,104.5,FM,CHUM 104 5,p,CHUM-FM,40,kW
Toronto,105.1,FM,CHOQ FM,F,CHOQ-FM,1.5,kW
Toronto/North York,105.5,FM,Vibe 105,o,CHRY-FM,250,w
Toronto,106.5,FM,elmnt fm,e,CFPT-FM,2.95,kW
Toronto,106.5,HD1,elmnt fm,e,CFPT-HD,2.95,w
Toronto,107.1,FM,Q107,p,CILQ-FM,40,kW
Toronto,590,AM,Sportsnet 590 The Fan,n,CJCL,50,kW
Toronto,640,AM,Global N. R. 640 Toronto,n,CFMJ,50,kW
Toronto,680,AM,680 News,n,CFTR,50,kW
Toronto,740,AM,Zoomer Radio,m,CFZM,50,kW
Toronto,860,AM,IRC Première,A,CJBC,50,kW
Toronto,1010,AM,NewsTalk 1010,n,CFRB,50,kW
Toronto,1050,AM,TSN 1050,n,CHUM,50,kW
Toronto,1280,AM,The Scope,o,CJRU,99,w
Toronto,1430,AM,AM 1430,e,CHKT,50,kW
Toronto,1540,AM,CHIN,e,CHIN,50/30,kW
Toronto,1610,AM,CHHA 1610,e,CHHA,6.25,kW
Toronto,1690,AM,CHTO AM,e,CHTO,6/1,kW
Toronto,6070,SW,NewsTalk 1010,n,CFRX,1,kW
Trent Hills,93.7,FM,CKOL,o,CKOL-FM,500,w
Uxbridge,105.5,FM,105.5 Hits FM,p,CIUX-FM,900,w
Vars,107.9,FM,Carlsbad Vars Radio,o,CJRO-FM-1,1,w
Vermilion Bay,103.3,FM,Q104,p,CKQV-FM,1.6,kW
Wahgoshig Lake,89.5,FM,WRN,e,CKWG-FM,17,w
Wallaceburg,99.1,FM,99 1 CKXS,p,CKXS-FM,3,kW
Walpole Island,98.3,FM,CFRZ,e,CFRZ-FM,50,w
Wapekeka,91.9,FM,Wahsa,e,CIDE-FM-17,10,w
Wasaga Beach,97.7,FM,97 7 Max FM,p,CHGB-FM,700,w
Wawa,88.3,FM,CBC Radio One,1,CBLJ-FM,4.807,kW
Wawa,90.7,FM,IRC Première,A,CBON-FM-27,890,w
Wawa,107.1,FM,Jjam FM,p,CJWA-FM,210,w
Weagamow Lake,91.9,FM,Wahsa,e,CIDE-FM-18,10,w
Webequie,91.9,FM,Wahsa,e,CIDE-FM-20,8,w
Welland,89.1,FM,Country 89,c,CKYY-FM,4.25,kW
Welland,91.7,FM,91.7 Giant FM,p,CIXL-FM,50,kW
West Nipissing,97.1,FM,Le Loup 97.1,F p,CHYQ-FM,6.5,kW
West Nipissing,99.3,FM,99 3 The Moose,p,CFSF-FM,1.35,kW
Whitchurch-Stouffville,102.9,FM,Whistle Radio,o,CIWS-FM,50,w
White River,97.7,FM,CBC Radio One,1,CBLW-FM,50,w
White River,100.7,FM,CFNO,p,CFNO-FM-8,20,w
Whitesand,89.9,FM,,e,CHWR-FM,10,w
Whitney,98.5,FM,CBC Radio One,1,CBCW-FM,162,w
Wilno,104.5,FM,CHCR,o,CHCR-FM-1,35,w
Windsor,88.7,FM,89X,p,CIMX-FM,100,kW
Windsor,89.9,FM,CBC Music,2,CBE-FM,100,kW
Windsor,90.5,FM,UCB Canada,g,CJAH-FM,7.5,kW
Windsor,93.9,FM,93 9 The River,p,CIDR-FM,100,kW
Windsor,95.9,FM,Country 95 9,c,CJWF-FM,11.8,kW
Windsor,97.5,FM,CBC Radio One,1,CBEW-FM,19,kW
Windsor,99.1,FM,CJAM,o,CJAM-FM,2.084,kW
Windsor,100.7,FM,Cool FM,p,CKUE-FM-1,9,kW
Windsor,102.3,FM,CINA Radio,e,CINA-FM,5,kW
Windsor,103.9,FM,Ici musique,Q,CJBC-FM-1,6,kW
Windsor,105.5,FM,IRC Première,A,CBEF-2-FM,2.4,kW
Windsor,580,AM,AM 580,m,CKWW,500,w
Windsor,800,AM,AM 800,n,CKLW,50,kW
Windsor,1550,AM,IRC Première,A,CBEF,10,kW
Wingham,94.5,FM,Classic Rock 94 5,p,CIBU-FM,75,kW
Wingham,100.9,FM,CBC Radio One,1,CBLA-FM-3,30,kW
Wingham,101.7,FM,101.7 The One,p,CKNX-FM,100,kW
Wingham,920,AM,CKNX,c,CKNX,10/1,kW
Woodstock,94.3,FM,Hope FM,g,CJFH-FM,37,w
Woodstock,103.9,FM,Country 104,c,CKDK-FM,51,kW
Woodstock,104.7,FM,Heart FM,p,CIHR-FM,20,kW
Woodstock,104.7,HD1,Heart FM,p,CIHR-HD,20,kW
Woodstock,104.7,HD2,Heart FM HD2 Rewind,p,CIHR-HD,20,kW
Wunnummin Lake,91.9,FM,Wahsa,e,CIDE-FM-19,10,w
