,call sign,owner,format,station name,for.,power,p. unit,frequency,city of licence
0,CJKX-FM,Durham Radio,country,KX 96,c,50,kW,95.9 FM,Ajax
2,CJNK-FM,Weatheradio Canada,weather alerts,Weatheradio,i,50,w,100.1 FM,Algonquin Park
3,CJNK-FM-1,Weatheradio Canada,weather alerts,Weatheradio,i,22,w,101.3 FM,Algonquin Park East
4,CJNK-FM-2,Weatheradio Canada,weather alerts,Weatheradio,i,22,w,101.3 FM,Algonquin Park West
5,CFOA-FM,Friends of Algonquin Park,tourist/park information,Algonquin Park,i,10,w,102.7 FM,Algonquin Park
6,CIMA-FM,My Broadcasting Corporation,adult contemporary,my FM,p,3.75,kW,92.1 FM,Alliston
7,CFSH-FM,Apsley Community Chapel,Christian radio,The Fish 92 9,g,50,w,92.9 FM,Apsley
8,CBQT-FM-2,CBC Radio One,public news/talk,CBC Radio One,1,50,w,91.3 FM,Armstrong
9,CFMP-FM,My Broadcasting Corporation,adult contemporary,Oldies 107.7,m,2.5,kW,107.7 FM,Arnprior
12,CBQI-FM,CBC Radio One,public news/talk,CBC Radio One,1,2.9,kW,90.1 FM,Atikokan
14,CKPR-FM-2,Dougall Media,adult contemporary,91 5 CKPR,p,180,w,93.5 FM,Atikokan
16,CKMT-FM,Wawatay,First Nations community radio,WRN,e,10,w,89.9 FM,Attawapiskat
17,CBCA-FM,CBC Radio One,public news/talk,CBC Radio One,1,34,w,101.5 FM,Attawapiskat
18,CHPD-FM,Aylmer and area Inter-Mennonite Community Council,Mennonite community radio (German),Da Brigj,o,250,w,105.9 FM,Aylmer
19,CHMS-FM,Vista Broadcast Group,adult contemporary,97 7 Moose FM,p,50,kW,97.7 FM,Bancroft
20,CBLA-FM-5,CBC Radio One,public news/talk,CBC Radio One,1,269,w,99.3 FM,Bancroft
21,CKJJ-FM-4,United Christian Broadcasters Canada,Christian radio,UCB Canada,g,250,w,103.5 FM,Bancroft
22,CHAY-FM,Corus Entertainment,hot adult contemporary,93 1 Fresh Radio,p,100,kW,93.1 FM,Barrie
23,CFJB-FM,Rock 95 Broadcasting,active rock,Rock 95,p,100,kW,95.7 FM,Barrie
24,CKEY-FM,Douglas George Edwards,tourist information,Tourism Radio,i,50,w,98.5 FM,Barrie
25,CJLF-FM,Trust Communications,Christian radio,Life 100.3,g,32.8,kW,100.3 FM,Barrie
26,CIQB-FM,Corus Entertainment,classic rock,101.1 Big FM,p,7.5,kW,101.1 FM,Barrie
27,CFRH-FM-1,Radio Huronie,community radio (French),CFRH,F,175,w,106.7 FM,Barrie
28,CKMB-FM,Rock 95 Broadcasting,hot adult contemporary,107 5 Kool FM,p,50,kW,107.5 FM,Barrie
29,CHBY-FM,Vista Broadcast Group,adult contemporary,106 5 Moose FM,p,12,kW,106.5 FM,Barry's Bay
30,CBLE,CBC Radio One,public news/talk,CBC Radio One,1,40,w,1240 AM,Beardmore
31,CFNO-FM-3,Dougall Media,adult contemporary,CFNO,p,260,w,107.1 FM,Beardmore
32,CFBL-FM,Wawatay,First Nations community radio,WRN,e,1,w,90.1 FM,Bearskin Lake
33,CIDE-FM-1,Wawatay,First Nations community radio,Wahsa,e,10,w,91.9 FM,Bearskin Lake
34,CJBQ,Quinte Broadcasting,full service/variety,800 CJBQ,c m,10,kW,800 AM,Belleville
35,CJLX-FM,Loyalist College,campus radio,91X,o,3.2,kW,91.3 FM,Belleville
36,CJBC-1-FM,Ici Radio-Canada Première,public news/talk (French),IRC Première,A,42.28,kW,94.3 FM,Belleville
37,CJOJ-FM,Starboard Communications,classic hits,95 5 Hits FM,p,35,kW,95.5 FM,Belleville
38,CIGL-FM,Quinte Broadcasting,hot adult contemporary,Mix 97,p,50,kW,97.1 FM,Belleville
39,CHCQ-FM,Starboard Communications,country,Cool 100,c,32,kW,100.1 FM,Belleville
40,CKJJ-FM,United Christian Broadcasters Canada,Christian radio,UCB Canada,g,15,kW,102.3 FM,Belleville
41,CBO-FM-1,CBC Radio One,public news/talk,CBC Radio One,1,10,kW,104.7 FM,Belleville
42,CIDE-FM-2,Wawatay,First Nations community radio,Wahsa,e,10,w,91.9 FM,Big Trout Lake
43,CFTL-FM,Ayamowin Communications Society,First Nations community radio,CBC Radio One CORB,1,63,w,100.3 FM,Big Trout Lake
44,CBON-FM-6,Ici Radio-Canada Première,public news/talk (French),IRC Première,A,136,w,98.5 FM,Blind River
45,CIBU-FM-1,Blackburn Radio,active rock,Classic Rock 94 5,p,6,kW,91.7 FM,Bluewater
46,CJFB-FM,Vista Broadcast Group,community radio,Moose FM,p,50,w,102.7 FM,Bolton
47,CJFB-FM,Vista Broadcast Group,community radio,Moose FM,p,1.1,kW,102.7 FM,Bolton
48,CFBG-FM,Vista Broadcast Group,hot adult contemporary,99 5 The Moose,p,12,kW,99.5 FM,Bracebridge
50,CFNY-FM,Corus Entertainment,modern rock,102.1 The Edge,p,35.4,kW,102.1 FM,Brampton
51,CKPC,Evanov Communications,full service/variety,1380 CKPC,c,25,kW,1380 AM,Brantford
52,CKPC-FM,Evanov Communications,adult contemporary,Jewel 92,m,80,kW,92.1 FM,Brantford
53,CFWC-FM,Sound of Faith Broadcasting,Christian radio,Arise Brantford,g,250,w,93.9 FM,Brantford
55,CIYM-FM,My Broadcasting Corporation,adult contemporary,Oldies 100.9,m,316,w,100.9 FM,Brighton
56,CBEZ-FM,CBC Radio One,public news/talk,CBC Radio One,1,49,w,107.7 FM,Britt
57,CBOB-FM,CBC Radio One,public news/talk,CBC Radio One,1,1.571,kW,91.9 FM,Brockville
59,CKJJ-FM-2,United Christian Broadcasters Canada,Christian radio,UCB Canada,g,50,w,99.9 FM,Brockville
60,CBOF-FM-7,Ici Radio-Canada Première,public news/talk (French),IRC Première,A,1.495,kW,102.1 FM,Brockville
61,CJPT-FM,Bell Media Radio,adult hits,103 7 Bob FM,p,100,kW,103.7 FM,Brockville
62,CFJR-FM,Bell Media Radio,adult contemporary,104 9 JR FM,p,7.7,kW,104.9 FM,Brockville
64,CBPS-FM,CBC/Weatheradio Canada,weather alerts,Weatheradio,i,50,w,90.7 FM,Bruce Peninsula
65,CJXY-FM,Corus Entertainment,active rock,Y108,p,26.1,kW,107.9 FM,Burlington
66,CHTG-FM,Durham Radio Inc.,classic hits,92 9 The Grand,p,10,kW,92.9 FM,Caledonia
67,CJDV-FM,Corus Entertainment,active rock,107 5 Dave Rocks,p,6,kW,107.5 FM,Cambridge
68,CKOL-FM,Campbellford Area Radio Association,community radio,CKOL,o,500,w,93.7 FM,Campbellford
69,CJPS-FM,Wawatay,First Nations community radio,WRN,e,10,w,89.9 FM,Cat Lake
70,CIDE-FM-3,Wawatay,First Nations community radio,Wahsa,e,10,w,91.9 FM,Cat Lake
71,CICW-FM,Centre Wellington Community Radio,community radio,The Grand at 101,o,2.25,kW,101.1 FM,Centre Wellington
72,CBCU-FM,CBC Radio One,public news/talk,CBC Radio One,1,345,w,89.9 FM,Chapleau
73,CBON-FM-28,Ici Radio-Canada Première,public news/talk (French),IRC Première,A,345,w,91.9 FM,Chapleau
75,CHAP-FM,Formation Plus,community-owned rebroadcaster of CHYC-FM Sudbury,Le Loup 98.9,F p,40,w,95.9 FM,Chapleau
76,CJWA-FM-1,Labbe Media,adult contemporary,Jjam FM,p,111,w,100.7 FM,Chapleau
77,CFCO,Blackburn Radio,country,CFCO,c,10/6,kW,630 AM,Chatham
78,CBEE-FM,CBC Radio One,public news/talk,CBC Radio One,1,1.43,kW,88.1 FM,Chatham
79,CKGW-FM,United Christian Broadcasters Canada,Christian radio,UCB Canada,g,18.7,kW,89.3 FM,Chatham
80,CFCO-1-FM,Blackburn Radio,country,CFCO,c,250,w,92.9 FM,Chatham
81,CKSY-FM,Blackburn Radio,hot adult contemporary,94 3 CKSY,p,50,kW,94.3 FM,Chatham
82,CKUE-FM,Blackburn Radio,classic hits,Cool FM,p,42,kW,95.1 FM,Chatham
83,CKUN-FM,Chimnissing Communications,First Nations community radio,Nish 101.3,e,900,w,101.3 FM,Christian Island
84,CHRC-FM,Evanov Communications,adult contemporary,Jewel 92 5,m,333,w,92.5 FM,Clarence-Rockland
85,CHJJ-FM,United Christian Broadcasters Canada,Christian radio,UCB Canada,g,250,w,90.7 FM,Cobourg
86,CKSG-FM,My Broadcasting Corporation,hot adult contemporary,my FM,p,15.5,kW,93.3 FM,Cobourg
87,CFMX-FM,ZoomerMedia,classical,Classical FM,s,86.7,kW,103.1 FM,Cobourg
88,CHUC-FM,My Broadcasting Corporation,classic hits,Classic Rock 107.9,p,20,kW,107.9 FM,Cobourg
89,CHPB-FM,Vista Broadcast Group,adult contemporary,Moose 98.1,p,50,w,98.1 FM,Cochrane
90,CFCJ-FM,Cochrane Christian Radio,Christian radio,CFCJ,g,37,w,102.1 FM,Cochrane
92,CKCB-FM,Corus Entertainment,adult contemporary,95 1 The Peak,p,350,w,95.1 FM,Collingwood
93,CFMO-FM,ZoomerMedia,pop standards,Classical FM,s,23,kW,102.9 FM,Collingwood
94,CKID-FM,Wawatay,First Nations community radio,WRN,e,10,w,89.9 FM,Constance Lake
95,CHRI-FM-1,Christian Hit Radio Inc.,Christian radio,CHRI,g,50,w,88.1 FM,Cornwall
96,CHOD-FM,Radio communautaire Cornwall-Alexandria,community radio (French),FM 92.1,F o,45.6,kW,92.1 FM,Cornwall
97,CBOC-FM,CBC Radio One,public news/talk,CBC Radio One,1,3,kW,95.5 FM,Cornwall
98,CBOF-FM-6,Ici Radio-Canada Première,public news/talk (French),IRC Première,A,3,kW,98.1 FM,Cornwall
99,CJSS-FM,Corus Entertainment,classic hits,boom 101 9,p,3.2,kW,101.9 FM,Cornwall
100,CFLG-FM,Corus Entertainment,adult contemporary,104 5 Fresh Radio,p,28.24,kW,104.5 FM,Cornwall
103,CBLA-FM-1,CBC Radio One,public news/talk,CBC Radio One,1,740,w,90.5 FM,Crystal Beach
104,CBCD-FM-1,CBC Radio One,public news/talk,CBC Radio One,1,50,w,97.9 FM,Deep River
105,CKDL-FM,Wawatay,First Nations community radio,WRN,e,1,w,90.1 FM,Deer Lake
106,CIDE-FM-4,Wawatay,First Nations community radio,Wahsa,e,10,w,91.9 FM,Deer Lake
107,CKDR-FM,Acadia Broadcasting,adult contemporary,CKDR,p,39,kW,92.7 FM,Dryden
110,CBQH-FM,CBC Radio One,public news/talk,CBC Radio One,1,1.3,kW,100.9 FM,Dryden
111,CKSB-6-FM,Ici Radio-Canada Première,public news/talk (French),IRC Première,A,1.29,kW,102.7 FM,Dryden
112,CKQV-FM-1,Norwesto Communications,CHR,Q104,p,1.9,kW,104.3 FM,Dryden
113,CBON-FM-11,Ici Radio-Canada Première,public news/talk (French),IRC Première,A,50,w,97.9 FM,Dubreuilville
114,CBOI-FM,CBC Radio One,public news/talk,CBC Radio One,1,50,w,95.5 FM,Ear Falls
115,CKDR-FM-4,Northwoods Broadcasting,adult contemporary,CKDR,p,50,w,97.5 FM,Ear Falls
116,CBCG-FM,CBC Radio One,public news/talk,CBC Radio One,1,116,w,89.7 FM,Elk Lake
117,CBEC-FM,CBC Radio One,public news/talk,CBC Radio One,1,264,w,90.3 FM,Elliot Lake
118,CKNR-FM,Vista Broadcast Group,adult contemporary,The Moose 94.1,p,90,kW,94.1 FM,Elliot Lake
119,CKNR-FM-1,Vista Broadcast Group,adult contemporary,The Moose 94.1,p,50,w,98.7 FM,Elliot Lake
120,CBON-FM-5,Ici Radio-Canada Première,public news/talk (French),IRC Première,A,2.64,kW,101.7 FM,Elliot Lake
121,CJTK-FM-3,Eternacom,Christian radio,KFM,g,865,w,102.5 FM,Elliot Lake
122,CJBB-FM,Boyd Woods,community radio,The Train,p,2.94,kW,103.1 FM,Englehart
123,CJTK-FM-7,Eternacom,Christian radio,KFM,g,3.3,kW,105.7 FM,Englehart
124,CHES-FM,Erin Radio,community radio,Erin Radio,o,2.5,kW,91.7 FM,Erin
125,CBON-FM-7,Ici Radio-Canada Première,public news/talk (French),IRC Première,A,520,w,94.9 FM,Espanola
126,CJJM-FM,Vista Broadcast Group,adult hits,The Moose 99.3,p,1.41,kW,99.3 FM,Espanola
127,CKXM-FM,My Broadcasting Corporation,adult contemporary,my FM,p,2.95,kW,90.5 FM,Exeter
128,CBLF,CBC Radio One,public news/talk,CBC Radio One,1,40,w,1450 AM,Foleyet
129,CKFA-FM,Wawatay,First Nations community radio,WRN,e,10,w,90.1 FM,Fort Albany
130,CBCI-FM,CBC Radio One,public news/talk,CBC Radio One,1,2.4,kW,102.3 FM,Fort Albany
131,CFLZ-FM,Brynes communications,Oldies,101.1 More FM,p,50,kW,101.1 FM,Fort Erie
132,CKSB-9-FM,Ici Radio-Canada Première,public news/talk (French),IRC Première,A,12.17,kW,89.1 FM,Fort Frances
133,CBQQ-FM,CBC Radio One,public news/talk,CBC Radio One,1,23.55,kW,90.5 FM,Fort Frances
134,CFOB-FM,Acadia Broadcasting,hot adult contemporary,93 1 The Border,p,21,kW,93.1 FM,Fort Frances
135,CBCF-FM,CBC Radio One,public news/talk,CBC Radio One,1,60,w,101.5 FM,Fort Hope
136,CKFS-FM,Wawatay,First Nations community radio,WRN,e,1,w,90.1 FM,Fort Severn
137,CIDE-FM-5,Wawatay,First Nations community radio,Wahsa,e,10,w,91.9 FM,Fort Severn
138,CJGM-FM,My Broadcasting Corporation,adult contemporary,my FM,p,4.47,kW,99.9 FM,Gananoque
139,CFGI-FM,Georgina Island First Nations Communications,First Nations community radio,NISH Radio,e,650,w,92.3 FM,Georgina Island
140,CBLG-FM,CBC Radio One,public news/talk,CBC Radio One,1,25.123,kW,89.1 FM,Geraldton
141,CBON-FM-22,Ici Radio-Canada Première,public news/talk (French),IRC Première,A,9.216,kW,93.7 FM,Geraldton
143,CFNO-FM-4,Dougall Media,adult contemporary,CFNO,p,130,w,100.7 FM,Geraldton
144,CIYN-FM-1,My Broadcasting Corporation,classic hits,my FM,p,750,w,99.7 FM,Goderich
145,CHWC-FM,Bayshore Broadcasting,country,Country 104.9,c,12.55,kW,104.9 FM,Goderich
146,CBON-FM-21,Ici Radio-Canada Première,public news/talk (French),IRC Première,A,5.031,kW,104.9 FM,Gogama
147,CIIG-FM,Instant Information Services,tourist information,Information Radio,i,50,w,98.3 FM,Gravenhurst
148,CJMU-FM,Bayshore Broadcasting,country,Country 102,c,23,kW,102.3 FM,Gravenhurst/Bracebridge
149,CBBS-FM,CBC Music,public music,CBC Music,2,50,kW,90.1 FM,Greater Sudbury
150,CBBX-FM,Ici Musique,public music (French),Ici musique,Q,50,kW,90.9 FM,Greater Sudbury
151,CICS-FM,Bell Media Radio,country,Pure Country 91 7,c,50,kW,91.7 FM,Greater Sudbury
152,CJRQ-FM,Rogers Communications,active rock,92 7 Rock,p,100,kW,92.7 FM,Greater Sudbury
153,CIGM-FM,Stingray Digital,CHR,Hot 93 5,p,100,kW,93.5 FM,Greater Sudbury
154,CJTK-FM,Eternacom,Christian radio,KFM,g,8.1,kW,95.5 FM,Greater Sudbury
155,CKLU-FM,Laurentian University,campus radio,CKLU,o,2,kW,96.7 FM,Greater Sudbury
156,CBON-FM,Ici Radio-Canada Première,public news/talk (French),IRC Première,A,50,kW,98.1 FM,Greater Sudbury
157,CHYC-FM,Le5 Communications,hot adult contemporary (French),Le Loup 98.9,F p,3.82,kW,98.9 FM,Greater Sudbury
158,CBCS-FM,CBC Radio One,public news/talk,CBC Radio One,1,50,kW,99.9 FM,Greater Sudbury
159,CKJC-FM,1158556 Ontario Ltd. (Roger de Brabant),tourist information,CHTI,i,50,w,101.7 FM,Greater Sudbury
160,CHNO-FM,Stingray Digital,classic hits,Rewind 103.9,m,100,kW,103.9 FM,Greater Sudbury
161,CJMX-FM,Rogers Communications,hot adult contemporary,Kiss 105.3,p,100,kW,105.3 FM,Greater Sudbury
162,CJOY,Corus Entertainment,oldies,CJOY,m,10,kW,1460 AM,Guelph
163,CFRU-FM,University of Guelph,campus radio,CFRU 93.3 FM,o,250,w,93.3 FM,Guelph
164,CIMJ-FM,Corus Entertainment,hot adult contemporary,Magic 106,p,50,kW,106.1 FM,Guelph
165,CBLY-FM,CBC Radio One,public news/talk,CBC Radio One,1,50,w,92.3 FM,Haliburton
166,CFZN-FM,Vista Broadcast Group,adult hits,93 5 Moose FM,p,6,kW,93.5 FM,Haliburton
167,CKHA-FM,Haliburton County Radio Association,community radio,100.9 Canoe FM,o,3.4,kW,100.9 FM,Haliburton
168,CHAM,Bell Media Radio,comedy,Funny 820,s,50/10,kW,820 AM,Hamilton
169,CHML,Corus Entertainment,news/talk,Global N. R. 900 CHML,n,50,kW,900 AM,Hamilton
170,CKOC,Bell Media Radio,sports,TSN 1150,n,50/20,kW,1150 AM,Hamilton
171,CFMU-FM,McMaster University,campus radio,CFMU,o,250,w,93.3 FM,Hamilton
172,CHKX-FM,Durham Radio,country,KX 94 7,c,100,kW,94.7 FM,Hamilton
173,CING-FM,Corus Entertainment,adult contemporary,Energy 95 3,p,100,kW,95.3 FM,Hamilton
174,CIOI-FM,Mohawk College,campus radio,The Hawk,o,240,w,101.5 FM,Hamilton
175,CKLH-FM,Bell Media Radio,adult contemporary,102 9 K Lite,m,40.3,kW,102.9 FM,Hamilton
176,CFBW-FM,Bluewater Radio,community radio,BWR,o,250,w,91.3 FM,Hanover
177,CIMF-FM-1,Bell Media Radio,adult contemporary (French),Rouge fm,F p,1.25,kW,88.9 FM,Hawkesbury
178,CHPR-FM,RNC Media,adult contemporary (French),Wow 104.9 102.1,F p,780,w,102.1 FM,Hawkesbury
179,CKHK-FM,Evanov Communications,pop standards,Jewel 107 7,m,1.1,kW,107.7 FM,Hawkesbury
180,CBON-FM-26,Ici Radio-Canada Première,public news/talk (French),IRC Première,A,8.34,kW,90.3 FM,Hearst
181,CINN-FM,Radio de l'Épinette Noire,community radio (French),CINN FM,F p,5.46,kW,91.1 FM,Hearst
182,CBCC-FM,CBC Radio One,public news/talk,CBC Radio One,1,8.34,kW,91.9 FM,Hearst
185,CBQT-FM-1,CBC Radio One,public news/talk,CBC Radio One,1,50,w,92.3 FM,Hornepayne
186,CFNO-FM-2,Dougall Media,adult contemporary,CFNO,p,280,w,107.1 FM,Hornepayne
188,CKAR-FM,Hunter's Bay Radio Inc.,community radio,Hunters Bay Radio,o,5.7,kW,88.7 FM,Huntsville
189,CBLU-FM,CBC Radio One,public news/talk,CBC Radio One,1,70,kW,94.3 FM,Huntsville
190,CJLF-FM-3,Trust Communications,Christian radio,Life 100.3,g,750,w,98.9 FM,Huntsville
191,CFBK-FM,Vista Broadcast Group,adult contemporary,105 5 Moose FM,p,43.4,kW,105.5 FM,Huntsville
192,CBL-FM-1,CBC Music,public music,CBC Music,2,70,kW,106.9 FM,Huntsville
193,CBES,CBC Radio One,public news/talk,CBC Radio One,1,40,w,690 AM,Ignace
194,CKDR-FM-1,Northwoods Broadcasting,adult contemporary,CKDR,p,50,w,97.5 FM,Ignace
195,VF2561,Douglas George Edwards,tourist information,Tourism Radio,i,1,w,96.9 FM,Innisfil
196,CFIF-FM,Vista Broadcast Group,adult contemporary,Moose 98.1,p,33,w,101.1 FM,Iroquois Falls
197,CJTK-FM-11,Eternacom,Christian radio,KFM,g,540,w,105.9 FM,Iroquois Falls
198,CFQK-FM,Northwest Broadcasting,hot adult contemporary,Energy 103 104,p,50,w,104.5 FM,Kaministiquia
199,CKGN-FM,Radio communautaire KapNord,community radio (French),CKGN,F,3,kW,89.7 FM,Kapuskasing
200,CBON-FM-24,Ici Radio-Canada Première,public news/talk (French),IRC Première,A,43.9,kW,90.7 FM,Kapuskasing
202,CKAP-FM,Vista Broadcast Group,adult contemporary,The Moose,p,12,kW,100.9 FM,Kapuskasing
203,CBOK-FM,CBC Radio One,public news/talk,CBC Radio One,1,43.9,kW,105.1 FM,Kapuskasing
204,CFKP-FM,Wawatay,First Nations community radio,WRN,e,1,w,90.1 FM,Kasabonika
205,CIDE-FM-6,Wawatay,First Nations community radio,Wahsa,e,10,w,91.9 FM,Kasabonika
206,CKAS-FM,Wawatay,First Nations community radio,WRN,e,1,w,90.1 FM,Kashechewan
207,CIDE-FM-21,Wawatay,First Nations community radio,Wahsa,e,8,w,91.9 FM,Keewaywin
209,CJRL-FM,Acadia Broadcasting,adult contemporary,89 5 The Lake,p,50,kW,89.5 FM,Kenora
210,CKSB-7-FM,Ici Radio-Canada Première,public news/talk (French),IRC Première,A,21.721,kW,93.5 FM,Kenora
211,CBQX-FM,CBC Radio One,public news/talk,CBC Radio One,1,41.222,kW,98.7 FM,Kenora
212,CKQV-FM-2,Golden West Broadcasting,CHR,Q104,p,1.6,kW,104.5 FM,Kenora
213,CKTI-FM,Points Eagle Radio,First Nations community radio,The Eagle,e,420,w,107.7 FM,Kettle Point
214,CIYN-FM,My Broadcasting Corporation,classic hits,my FM,p,5.66,kW,95.5 FM,Kincardine
215,CHCR-FM,Homegrown Community Radio,community radio,CHCR,o,33,w,102.9 FM,Killaloe
216,CFKL-FM,Wawatay,First Nations community radio,WRN,e,1,w,90.1 FM,Kingfisher Lake
217,CIDE-FM-7,Wawatay,First Nations community radio,Wahsa,e,10,w,91.9 FM,Kingfisher Lake
218,CKVI-FM,Kingston Collegiate and Vocational Institute,community Radio,The Cave,o,2,kW,91.9 FM,Kingston
219,CBBK-FM,CBC Music,public music,CBC Music,2,1.2,kW,92.9 FM,Kingston
220,CKXC-FM,Rogers Communications,country,Country 93.5,c,7.5,kW,93.5 FM,Kingston
221,CFMK-FM,Corus Entertainment,classic hits,96 3 Big FM,p,28,kW,96.3 FM,Kingston
222,CFLY-FM,Bell Media Radio,hot adult contemporary,98 3 Fly FM,p,95.5,kW,98.3 FM,Kingston
223,CKLC-FM,Bell Media Radio,country,Pure Country 99,c,15,kW,98.9 FM,Kingston
224,CJBC-2-FM,Ici Radio-Canada Première,public news/talk (French),IRC Première,A,1.563,kW,99.5 FM,Kingston
225,CKJJ-FM-3,United Christian Broadcasters Canada,Christian radio,UCB Canada,g,50,w,100.5 FM,Kingston
226,CFRC-FM,Queen's University,campus radio,CFRC,o,3,kW,101.9 FM,Kingston
227,CKWS-FM,Corus Entertainment,classic hits,104 3 Fresh Radio,p,8,kW,104.3 FM,Kingston
228,CIKR-FM,Rogers Communications,active rock,K Rock 105 7,p,50,kW,105.7 FM,Kingston
230,CBCK-FM,CBC Radio One,public news/talk,CBC Radio One,1,100,kW,107.5 FM,Kingston
231,CBCR-FM,CBC Radio One,public news/talk,CBC Radio One,1,2.65,kW,90.3 FM,Kirkland Lake
232,CBON-FM-1,Ici Radio-Canada Première,public news/talk (French),IRC Première,A,2.65,kW,93.7 FM,Kirkland Lake
233,CJKL-FM,Connelly Communications,adult contemporary,CJKL FM,p,23,kW,101.5 FM,Kirkland Lake
234,CKGL,Rogers Communications,news/talk,570 News,n,10,kW,570 AM,Kitchener
235,CJIQ-FM,Conestoga College,campus radio,CJIQ,o,8.22,kW,88.3 FM,Kitchener
236,CKBT-FM,Corus Entertainment,CHR,91 5 The Beat,p,10,kW,91.5 FM,Kitchener
237,CJTW-FM,Sound of Faith Broadcasting,Christian radio,Faith FM,g,420,w,93.7 FM,Kitchener
238,CHYM-FM,Rogers Communications,adult contemporary,CHYM 96.7,p,80,kW,96.7 FM,Kitchener
239,CKZY-FM,Lac Seul Radio,First Nations community radio,CKZY 90.3,e,10,w,89.9 FM,Lac Seul
240,CIDE-FM-8,Wawatay,First Nations community radio,Wahsa,e,10,w,91.9 FM,Lac Seul
241,CBEW-FM-1,CBC Radio One,public news/talk,CBC Radio One,1,10.45,kW,91.9 FM,Leamington
242,CJSP-FM,Blackburn Radio,country,Country 95 9,c,4,kW,92.7 FM,Leamington
243,CHYR-FM,Blackburn Radio,adult contemporary,Mix 96.7,p,27,kW,96.7 FM,Leamington
244,CBEF-1-FM,Ici Radio-Canada Première,public news/talk (French),IRC Première,A,1,kW,103.1 FM,Leamington
245,CKLY-FM,Bell Media Radio,adult hits,91 9 Bob FM,p,11.4,kW,91.9 FM,Lindsay
247,CBCE-FM,CBC Radio One,public news/talk,CBC Radio One,1,21,kW,97.5 FM,Little Current
248,CFRM-FM,Manitoulin Radio Communication,community radio,Hits 100,p,15,kW,100.7 FM,Little Current
249,CJTK-FM-2,Eternacom,Christian radio,KFM,g,1.3,kW,102.1 FM,Little Current
250,CHAW-FM,Manitoulin Radio Communication,country,Country 103,c,24.8,kW,103.1 FM,Little Current
251,CFPL,Corus Entertainment,news/talk,980 CFPL,n,10/5,kW,980 AM,London
252,CJBK,Bell Media Radio,news/talk,NewsTalk 1290,n,10,kW,1290 AM,London
253,CJBX-FM,Bell Media Radio,country,Pure Country 93,c,50,kW,92.7 FM,London
254,CBCL-FM,CBC Radio One,public news/talk,CBC Radio One,1,100,kW,93.5 FM,London
255,CHRW-FM,University of Western Ontario,campus radio,Radio Western,o,6,kW,94.9 FM,London
256,CFPL-FM,Corus Entertainment,active rock,FM 96,p,300,kW,95.9 FM,London
257,CIQM-FM,Bell Media Radio,CHR,97 5 Virgin Radio,p,50,kW,97.5 FM,London
258,CKLO-FM,Blackburn Radio,classic rock,Classic Rock 98 1,p,40,kW,98.1 FM,London
259,CJBC-4-FM,Ici Radio-Canada Première,public news/talk (French),IRC Première,A,15.34,kW,99.3 FM,London
260,CHJX-FM,Sound of Faith Broadcasting,Christian radio,Faith FM,g,500,w,99.9 FM,London
261,CBBL-FM,CBC Music,public music,CBC Music,2,15.34,kW,100.5 FM,London
262,CHST-FM,Rogers Communications,classic hits,Jack 102 3,p,100,kW,102.3 FM,London
263,CIXX-FM,Fanshawe College,campus radio,106.9 The X,o,3,kW,106.9 FM,London
264,CFNO-FM-5,Dougall Media,adult contemporary,CFNO,p,4,w,107.1 FM,Longlac
266,CBEB-FM,CBC Radio One,public news/talk,CBC Radio One,1,4.78,kW,89.7 FM,Manitouwadge
267,CBON-FM-23,Ici Radio-Canada Première,public news/talk (French),IRC Première,A,143,w,96.9 FM,Manitouwadge
268,CFNO-FM,Dougall Media,adult contemporary,CFNO,p,50,kW,93.1 FM,Marathon
269,CBON-FM-29,Ici Radio-Canada Première,public news/talk (French),IRC Première,A,3.862,kW,102.3 FM,Marathon
270,CBLM-FM,CBC Radio One,public news/talk,CBC Radio One,1,3.935,kW,107.5 FM,Marathon
271,CFMS-FM,Bhupinder Bola (OBCI),English adult contemporary/Multilingual,105.9 The Region,e,3,kW,105.9 FM,Markham
272,CBON-12,Ici Radio-Canada Première,public news/talk (French),IRC Première,A,40,w,1090 AM,Mattawa
273,CBLO,CBC Radio One,public news/talk,CBC Radio One,1,40,w,1240 AM,Mattawa
274,CJTK-FM-4,Eternacom,Christian radio,KFM,g,50,w,93.9 FM,Mattawa
275,CBOD-FM,CBC Radio One,public news/talk,CBC Radio One,1,110,w,89.3 FM,Maynooth
276,CKJJ-FM-5,United Christian Broadcasters Canada,Christian radio,UCB Canada,g,32,w,94.7 FM,Maynooth
277,CHYF-FM,Anong Migwans Beam (GIMA Radio),First Nations community radio,Gimaa Radio,e,50,w,88.9 FM,M'Chigeeng First Nation
278,CJGB-FM,Evanov Communications,adult contemporary,Jewel 99 3,m,100,w,99.3 FM,Meaford
279,CICZ-FM,Bell Media Radio,classic hits,104.1 The Dock,p,20,kW,104.1 FM,Midland
280,CJML-FM,My Broadcasting Corporation,adult contemporary,my FM,p,2,kW,101.3 FM,Milton
281,CIDE-FM-11,Wawatay,First Nations community radio,Wahsa,e,10,w,91.9 FM,Mishkeegogamang
282,CBQN-FM,CBC Radio One,public news/talk,CBC Radio One,1,81,w,104.5 FM,Mishkeegogamang
283,CKNT,Elliot Kerr,news/talk,News Talk Sauga 960,n,2/0.28,kW,960 AM,Mississauga
284,CJMR,Prime Time Radio,multilingual,CJMR 1320,e,10,kW,1320 AM,Mississauga
285,CINA,Neeti P. Ray (OBCI),multilingual,CINA 1650,e,5/0.68,kW,1650 AM,Mississauga
287,CJFI-FM,Moose River Broadcasting Association,First Nations community radio,The Island,e,50,w,107.1 FM,Moose Factory
289,VF2372,Lac Seul Radio,community radio LPFM,CKZY 90.3,e,8,w,89.9 FM,Moosonee
290,CBEY-FM,CBC Radio One,public news/talk,CBC Radio One,1,135,w,99.9 FM,Moosonee
291,CIWN-FM,Saugeen Community Radio Inc.,community radio,The River,o,1.88,kW,88.7 FM,Mount Forest
292,CIDE-FM-9,Wawatay,First Nations community radio,Wahsa,e,10,w,91.9 FM,Muskrat Dam
293,CFMD-FM,Wawatay,First Nations community radio,WRN,e,1,w,105.1 FM,Muskrat Dam
294,CFNP-FM,Wawatay,First Nations community radio,WRN,e,10,w,90.1 FM,Naicatchewenin
295,CBLN-FM,CBC Radio One,public news/talk,CBC Radio One,1,50,w,98.1 FM,Nakina
296,CFNO-FM-7,Dougall Media,adult contemporary,CFNO,p,49,w,107.1 FM,Nakina
297,CKYM-FM,My Broadcasting Corporation,adult contemporary,my FM,p,11.1,kW,88.7 FM,Napanee
299,CJTK-FM-6,Eternacom,Christian radio,KFM,g,530,w,100.9 FM,New Liskeard
300,CKDX-FM,Evanov Communications,pop standards,Jewel 88 5,m,30,kW,88.5 FM,Newmarket
301,CHOP-FM,Pickering College,campus radio,102.7 CHOP FM,o,5,w,102.7 FM,Newmarket
302,CHFN-FM,Chippewas of Nawash,First Nations community radio,CHFN 100.1 FM,e,72,w,100.1 FM,Neyaashiinigmiing
303,CJED-FM,Byrnes Communications,Adult Contemporary,105.1 The River,p,15,kW,105.1 FM,Niagara Falls
306,CBON-FM-19,Ici Radio-Canada Première,public news/talk (French),IRC Première,A,2,kW,97.3 FM,Nipigon
307,CBQY-FM,CBC Radio One,public news/talk,CBC Radio One,1,2,kW,98.9 FM,Nipigon
308,CFNO-FM-1,Dougall Media,adult contemporary,CFNO,p,200,w,100.7 FM,Nipigon
309,CKAT,Rogers Communications,country,Country 600,c,10/5,kW,600 AM,North Bay
311,CBON-FM-17,Ici Radio-Canada Première,public news/talk (French),IRC Première,A,100,kW,95.1 FM,North Bay
312,CBCN-FM,CBC Radio One,public news/talk,CBC Radio One,1,100,kW,96.1 FM,North Bay
313,CHUR-FM,Rogers Communications,hot adult contemporary,Kiss 100.5,p,100,kW,100.5 FM,North Bay
314,CKFX-FM,Rogers Communications,active rock,101 9 Rock,p,100,kW,101.9 FM,North Bay
315,CJTK-FM-1,Eternacom,Christian radio,KFM,g,800,w,103.5 FM,North Bay
317,CFXN-FM,Vista Broadcast Group,adult hits,106 3 Moose FM,p,10,kW,106.3 FM,North Bay
319,CIDE-FM-10,Wawatay,First Nations community radio,Wahsa,e,10,w,91.9 FM,North Spirit Lake
320,CJYE,Trafalgar Broadcasting,Christian radio,Joy Radio,g,10,kW,1250 AM,Oakville
322,CKRZ-FM,Southern Onkwehonwe Nishinaabec,First Nations community radio,CKRZ,e,5,kW,100.3 FM,Ohsweken
323,CKMO-FM,My Broadcasting Corporation,adult contemporary,my FM,p,625,w,101.5 FM,Orangeville
324,CIDC-FM,Evanov Communications,CHR,Z103 5,p,30.7,kW,103.5 FM,Orangeville
325,CISO-FM,Bayshore Broadcasting,adult contemporary,89 1 Max FM,p,2.5,kW,89.1 FM,Orillia
326,CBL-FM-3,CBC Music,public music,CBC Music,2,5.5,kW,90.7 FM,Orillia
327,CBCO-FM,CBC Radio One,public news/talk,CBC Radio One,1,13.52,kW,91.5 FM,Orillia
329,CICX-FM,Bell Media Radio,country,Pure Country 106,c,20,kW,105.9 FM,Orillia
330,CKDO,Durham Radio,oldies,CKDO,m,10,kW,1580 AM,Oshawa
331,CKGE-FM,Durham Radio,active rock,94 9 The Rock,p,50,kW,94.9 FM,Oshawa
332,CKDO-FM-1,Durham Radio,oldies,CKDO,m,2,kW,107.7 FM,Oshawa
333,CFRA,Bell Media Radio,news/talk,News Talk 580 CFRA,n,50/30,kW,580 AM,Ottawa
334,CFGO,Bell Media Radio,sports,TSN 1200,n,50,kW,1200 AM,Ottawa
335,CIWW,Rogers Communications,news,1310 News,n,50,kW,1310 AM,Ottawa
336,CHYW,Macdonald-Cartier International Airport,tourist/airport information,AM 1630,i,99,w,1630 AM,Ottawa
337,CILV-FM,Stingray Digital,modern rock,Live 88 5,p,90,kW,88.5 FM,Ottawa
338,CHUO-FM,University of Ottawa,campus radio,CHUO,o,18.1,kW,89.1 FM,Ottawa
339,CIHT-FM,Stingray Digital,CHR,Hot 89 9,p,27,kW,89.9 FM,Ottawa
340,CBOF-FM,Ici Radio-Canada Première,public news/talk (French),IRC Première,A,84,kW,90.7 FM,Ottawa
341,CBO-FM,CBC Radio One,public news/talk,CBC Radio One,1,84,kW,91.5 FM,Ottawa
342,VF8013,Fabrique de la Paroisse du Sacré-Coeur du diocèse d'Ottawa,Christian radio (French),Paroisse du Sacré-Coeur,F g,1,w,92.3 FM,Ottawa
344,CKCU-FM,Carleton University,campus radio,CKCU,o,12,kW,93.1 FM,Ottawa
345,CKKL-FM,Bell Media Radio,country,Pure Country 94,c,95,kW,93.9 FM,Ottawa
346,CJFO-FM,Radio de la communauté francophone d’Ottawa,community radio (French),Unique FM,F o,2,kW,94.5 FM,Ottawa
347,CFPO-FM,First Peoples Radio Inc.,First Nations,elmnt fm,e,9.1,kW,95.7 FM,Ottawa
348,CJLL-FM,CHIN Radio/TV International,multilingual,CHIN,e,6.77,kW,97.9 FM,Ottawa
349,CJWL-FM,Evanov Communications,pop standards,Jewel 98 5,m,2.5,kW,98.5 FM,Ottawa
350,CHRI-FM,Christian Hit Radio Inc.,Christian radio,CHRI,g,66,kW,99.1 FM,Ottawa
351,CJOT-FM,Corus Entertainment,classic hits,boom 99 7,p,100,kW,99.7 FM,Ottawa
352,CJMJ-FM,Bell Media Radio,adult contemporary,Majic 100,p,100,kW,100.3 FM,Ottawa
353,CIDG-FM,Frank Torres (OBCI),Mainstream rock,Rebel 101.7,p,21,kW,101.7 FM,Ottawa
354,CBOX-FM,Ici Musique,public music (French),Ici musique,Q,84,kW,102.5 FM,Ottawa
355,CBOQ-FM,CBC Music,public music,CBC Music,2,84,kW,103.3 FM,Ottawa
356,CISS-FM,Rogers Communications,hot adult contemporary,Kiss 105 3,p,84,kW,105.3 FM,Ottawa
357,CHEZ-FM,Rogers Communications,classic rock,Chez 106,p,100,kW,106.1 FM,Ottawa
358,CKQB-FM,Corus Entertainment,Top 40/CHR,Jump 106 9,p,84,kW,106.9 FM,Ottawa
359,CKDJ-FM,Algonquin College,campus radio,CKDJ,o,100,w,107.9 FM,Ottawa
360,CFOS,Bayshore Broadcasting,oldies,560 CFOS,m,7.5/1,kW,560 AM,Owen Sound
361,CJLF-FM-1,Trust Communications,Christian radio,Life 100.3,g,75,w,90.1 FM,Owen Sound
362,CJOS-FM,Bell Media Radio,classic hits,92.3 The Dock,p,9.4,kW,92.3 FM,Owen Sound
363,CKYC-FM,Bayshore Broadcasting,country,Country 93,c,22,kW,93.7 FM,Owen Sound
364,CBCB-FM,CBC Radio One,public news/talk,CBC Radio One,1,100,kW,98.7 FM,Owen Sound
365,CIXK-FM,Bayshore Broadcasting,adult contemporary,Mix 106.5,p,28,kW,106.5 FM,Owen Sound
366,CBLA-FM-2,CBC Radio One,public news/talk,CBC Radio One,1,10.4,kW,89.1 FM,Paris
367,CJBC-FM-2,Ici Musique,public music (French),Ici musique,Q,14.8,kW,89.9 FM,Paris
368,CBL-FM-2,CBC Music,public music,CBC Music,2,8.23,kW,90.7 FM,Paris
369,CBPO-FM,CBC/Weatheradio Canada,weather alerts,Weatheradio,i,20,w,88.9 FM,Parry Sound
370,CBLR-FM,CBC Radio One,public news/talk,CBC Radio One,1,180,w,89.9 FM,Parry Sound
371,CKLP-FM,Vista Broadcast Group,adult hits,The Moose 103 3,p,46.6,kW,103.3 FM,Parry Sound
373,CBCD-FM,CBC Radio One,public news/talk,CBC Radio One,1,100,kW,92.5 FM,Pembroke
374,CHVR-FM,Bell Media Radio,country,Pure Country 96 7,c,100,kW,96.7 FM,Pembroke
375,CKQB-FM-1,Corus Entertainment,Top 40/CHR,Jump 106 9,p,7.5,kW,99.9 FM,Pembroke
376,CHRI-FM-2,Christian Hit Radio Inc.,Christian radio,CHRI,g,22,w,100.7 FM,Pembroke
377,CIMY-FM,My Broadcasting Corporation,adult contemporary,my FM,p,34,kW,104.9 FM,Pembroke
378,CFRH-FM,Radio Huronie,community radio (French),CFRH,F,40,kW,88.1 FM,Penetanguishene
379,CBCM-FM,CBC Radio One,public news/talk,CBC Radio One,1,1.76,kW,89.7 FM,Penetanguishene
381,CHLK-FM,Norm Wright and Brian Perkin (Perth FM Radio Inc.),community radio,Lake 88,p,5.4,kW,88.1 FM,Perth
382,CJLF-FM-2,Trust Communications,Christian radio,Life 100.3,g,500,w,89.3 FM,Peterborough
383,CJMB-FM,My Broadcasting Corporation,modern rock/sports,freq 90.5,p,175,w,90.5 FM,Peterborough
384,CFFF-FM,Trent Radio,Community Radio,Trent Radio,o,700,w,92.7 FM,Peterborough
385,CJWV-FM,My Broadcasting Corporation,oldies,Oldies 96.7,m,7,kW,96.7 FM,Peterborough
386,CBCP-FM,CBC Radio One,public news/talk,CBC Radio One,1,12.438,kW,98.7 FM,Peterborough
387,CKPT-FM,Bell Media Radio,hot adult contemporary,Energy 99 7,p,11,kW,99.7 FM,Peterborough
388,CKRU-FM,Corus Entertainment,hot adult contemporary,100.5 Fresh Radio,p,15,kW,100.5 FM,Peterborough
389,CKWF-FM,Corus Entertainment,active rock,101.5 The Wolf,p,15.2,kW,101.5 FM,Peterborough
390,CBBP-FM,CBC Music,public music,CBC Music,2,12.438,kW,103.9 FM,Peterborough
391,CKQM-FM,Bell Media Radio,country,Pure Country 105,c,7.5,kW,105.1 FM,Peterborough
393,CJTL-FM,Native Evangelical Fellowship of Canada,First Nations community radio,CJTL,e g,50,w,96.5 FM,Pickle Lake
394,CBQP-FM,CBC Radio One,public news/talk,CBC Radio One,1,83,w,105.1 FM,Pickle Lake
395,CIPR-FM,Superior Info Radio,tourist information,Superior Information Radio,i,2,w,97.3 FM,Pigeon River Bridge
396,CIDE-FM-12,Wawatay,First Nations community radio,Wahsa,o,10,w,91.9 FM,Pikangikum
397,CBQU-FM,CBC Radio One,public news/talk,CBC Radio One,1,34,w,100.3 FM,Pikangikum
398,CJPP-FM,Parks Canada,tourist information,Point Pelee National Park,i,50,w,90.7 FM,Point Pelee National Park
399,CFBY-FM,Wawatay,First Nations community radio,WRN,o,10,w,90.1 FM,Poplar Hill
400,CIDE-FM-13,Wawatay,First Nations community radio,Wahsa,o,10,w,91.9 FM,Poplar Hill
401,CIYN-FM-2,My Broadcasting Corporation,classic hits,my FM,p,3.1,kW,90.9 FM,Port Elgin
402,CFPS-FM,Bayshore Broadcasting,adult contemporary,98 The Beach,m,8.3,kW,97.9 FM,Port Elgin
403,CFWN-FM,Small Town Radio (STR),community radio,Northumberland 89 7,o,700,w,89.7 FM,Port Hope
404,CKPP-FM,Vista Broadcast Group,hot adult contemporary,107 9 Coast FM,p,4.2,kW,107.9 FM,Prescott
405,CJPE-FM,Prince Edward County Radio Corporation,community radio,99.3 County FM,o,3,kW,99.3 FM,Prince Edward County
406,CJTN-FM,Quinte Broadcasting,classic rock,Rock 107,p,15,kW,107.1 FM,Quinte West
407,CBEA-FM,CBC Radio One,public news/talk,CBC Radio One,1,82,w,90.5 FM,Red Lake
409,CHMY-FM,My Broadcasting Corporation,adult contemporary,my FM,p,7.1,kW,96.1 FM,Renfrew
410,CJHR-FM,Valley Heritage Radio,community radio,Valley Heritage Radio,s,20,kW,98.7 FM,Renfrew
411,CFMJ,Corus Entertainment,news/talk/sports,Global N. R. 640 Toronto,n,50,kW,640 AM,Richmond Hill
412,CBOF-4,Ici Radio-Canada Première,public news/talk (French),IRC Première,A,40,w,1400 AM,Rolphton
413,CKTB,Bell Media Radio,news/talk,610 CKTB,n,10/5,kW,610 AM,St. Catharines
414,CFBN-FM,The St. Lawrence Seaway Management Corporation,tourist information,St. Lawrence Seaway M. Co.,i,50,w,93.3 FM,St. Catharines
415,CHTZ-FM,Bell Media Radio,active rock,97 7 HITZ FM,p,50,kW,97.7 FM,St. Catharines
416,CFBU-FM,Brock University,campus radio,CFBU,o,250,w,103.7 FM,St. Catharines
417,CHRE-FM,Bell Media Radio,adult contemporary,105.7 EZ Rock,m,50,kW,105.7 FM,St. Catharines
418,VF8016,Faith Baptist Church of St. Thomas,Christian radio LPFM,Faith Baptist Church,g,1,w,90.1 FM,St. Thomas
419,CKZM-FM,My Broadcasting Corporation,adult contemporary,my FM,p,4.37,kW,94.1 FM,St. Thomas
420,CFHK-FM,Corus Entertainment,hot adult contemporary,103 1 Fresh Radio,p,60,kW,103.1 FM,St. Thomas
421,CFEY-FM,Wawatay,First Nations community radio,WRN,o,1,w,90.1 FM,Sachigo Lake
422,CIDE-FM-14,Wawatay,First Nations community radio,Wahsa,o,10,w,91.9 FM,Sachigo Lake
423,CIDE-FM-15,Wawatay,First Nations community radio,Wahsa,o,10,w,91.9 FM,Sandy Lake
424,CBQV-FM,CBC Radio One,public news/talk,CBC Radio One,1,37,w,101.1 FM,Sandy Lake
425,CHOK,Blackburn Radio,full service/variety,CHOK,c,10,kW,1070 AM,Sarnia
426,CBEG-FM,CBC Radio One,public news/talk,CBC Radio One,1,1.8,kW,90.3 FM,Sarnia
427,CFGX-FM,Blackburn Radio,adult contemporary,99.9 The Fox,p,26,kW,99.9 FM,Sarnia
428,CBEF-3-FM,Ici Radio-Canada Première,public news/talk (French),IRC Première,A,1.886,kW,101.5 FM,Sarnia
429,CHOK-1-FM,Blackburn Radio,full service/variety,CHOK,c,200,w,103.9 FM,Sarnia
430,CHKS-FM,Blackburn Radio,classic hits,Cool 106.3,p,50,kW,106.3 FM,Sarnia
432,CBON-FM-18,Ici Radio-Canada Première,public news/talk (French),IRC Première,A,3.59,kW,88.1 FM,Sault Ste. Marie
433,CBSM-FM,CBC Radio One,public news/talk,CBC Radio One,1,46,kW,89.5 FM,Sault Ste. Marie
435,CHAS-FM,Rogers Communications,hot adult contemporary,Kiss 100.5,p,13.9,kW,100.5 FM,Sault Ste. Marie
436,CJQM-FM,Rogers Communications,country,Country 104.3,c,100,kW,104.3 FM,Sault Ste. Marie
437,CJTK-FM-8,Eternacom,Christian radio,KFM,g,2.2,kW,106.5 FM,Sault Ste. Marie
438,CBQL-FM,CBC Radio One,public news/talk,CBC Radio One,1,135,w,104.9 FM,Savant Lake
439,CJRK-FM,8041393 Canada Inc.,multilingual,East FM,e,1.2,kW,102.7 FM,Scarborough
440,CBLB-FM,CBC Radio One,public news/talk,CBC Radio One,1,130,w,90.9 FM,Schreiber
441,CHIX-FM,Wawatay,First Nations community radio,WRN,o,10,w,89.9 FM,Seine River
442,CBLA-FM-4,CBC Radio One,public news/talk,CBC Radio One,1,6,kW,102.5 FM,Shelburne
443,CFDC-FM,Bayshore Broadcasting,country,Country 105,c,36.2,kW,104.9 FM,Shelburne
444,CKED-FM,Northwest Broadcasting,hot adult contemporary,Energy 103 104,p,10,w,103.5 FM,Shuniah
445,CHCD-FM,My Broadcasting Corporation,adult contemporary,my FM,p,50,kW,98.9 FM,Simcoe
446,CKNC-FM,My Broadcasting Corporation,oldies,Oldies 99.7,m,18,kW,99.7 FM,Simcoe
447,CKWT-FM,Wawatay,First Nations community radio,WRN,o,224,w,89.9 FM,Sioux Lookout
448,CIDE-FM,Wawatay,First Nations community radio,Wahsa,o,10,w,91.9 FM,Sioux Lookout
449,CBLS-FM,CBC Radio One,public news/talk,CBC Radio One,1,500,w,95.3 FM,Sioux Lookout
451,CKQV-FM-3,Norwesto Communications,CHR,Q104,p,49,w,104.1 FM,Sioux Lookout
453,CBQS-FM,CBC Radio One,public news/talk,CBC Radio One,1,1.3,kW,95.7 FM,Sioux Narrows
454,CHBJ-FM,Wawatay,First Nations community radio,WRN,o,10,w,90.1 FM,Slate Falls
455,CIDE-FM-16,Wawatay,First Nations community radio,Wahsa,o,10,w,91.9 FM,Slate Falls
456,CJET-FM,Rogers Communications,adult hits,Jack 92 3,p,17,kW,92.3 FM,Smiths Falls
457,CKBY-FM,Rogers Communications,country,Country 101 1,c,100,kW,101.1 FM,Smiths Falls
459,CKGN-FM-1,Radio communautaire KapNord,community radio (French),CKGN,F,250,w,94.7 FM,Smooth Rock Falls
462,CJTK-FM-10,Eternacom,Christian radio,KFM,g,530,w,104.9 FM,Spring Bay
463,CJAI-FM,Amherst Island Public Radio,community radio,CJAI,o,250,w,92.1 FM,Stella
464,CJCS-FM,Vista Broadcast Group,oldies,107 1  Juice FM,m,4,kW,107.1 FM,Stratford
465,CHGK-FM,Vista Broadcast Group,adult contemporary,107 7 2Day FM,p,6,kW,107.7 FM,Stratford
466,CJMI-FM,My Broadcasting Corporation,adult contemporary,my FM,p,1.75,kW,105.7 FM,Strathroy
467,CHYQ-FM,Le5 Communications,hot adult contemporary (French),Le Loup 97.1,F p,6.5,kW,97.1 FM,Sturgeon Falls
468,CFSF-FM,Vista Broadcast Group,adult contemporary,99 3 The Moose,p,1.35,kW,99.3 FM,Sturgeon Falls
469,CJKX-FM-1,Durham Radio,country,KX 96,c,5,kW,89.9 FM,Sunderland
470,CJTK-FM-9,Eternacom,Christian radio,KFM,g,540,w,98.3 FM,Sundridge
471,CJTI-FM,1158556 Ontario Ltd. (Roger de Brabant),tourist information,CHTI,i,1,w,92.1 FM,Temagami
472,CBCS-FM-1,CBC Radio One,public news/talk,CBC Radio One,1,50,w,106.1 FM,Temagami
473,CBON-FM-2,Ici Radio-Canada Première,public news/talk (French),IRC Première,A,780,w,99.7 FM,Temiskaming Shores
474,CBCY-FM,CBC Radio One,public news/talk,CBC Radio One,1,780,w,102.3 FM,Temiskaming Shores
475,CJTT-FM,Connelly Communications,adult contemporary,CJTT FM,p,10,kW,104.5 FM,Temiskaming Shores
476,CKBK-FM,Lenape Community Radio Society,First Nations community radio,The Buck,e,50,w,104.3 FM,Thamesville
477,CBQT-FM,CBC Radio One,public news/talk,CBC Radio One,1,23.73,kW,88.3 FM,Thunder Bay
478,CBON-FM-20,Ici Radio-Canada Première,public news/talk (French),IRC Première,A,16.5,kW,89.3 FM,Thunder Bay
479,CKSI-FM,Thunder Bay Information Radio,tourist information,T. B. Information Radio,i,50,w,90.5 FM,Thunder Bay
480,CKPR-FM,Dougall Media,adult contemporary,91 5 CKPR,p,100,kW,91.5 FM,Thunder Bay
481,CJSD-FM,Dougall Media,active rock,Rock 94,p,93,kW,94.3 FM,Thunder Bay
482,CJOA-FM,St. Joseph's Care Group,Christian radio,UCB Canada,g,250,w,95.1 FM,Thunder Bay
483,CITB-FM,Superior Info Radio,tourist information,Superior Information Radio,i,8,w,97.1 FM,Thunder Bay
484,CJTL-FM-1,Native Evangelical Fellowship of Canada,First Nations community radio,CJTL,e g,50,w,98.1 FM,Thunder Bay
485,CJUK-FM,Acadia Broadcasting,adult contemporary,99 9 The Bay,p,250,w,99.9 FM,Thunder Bay
486,CBQ-FM,CBC Music,public music,CBC Music,2,25,kW,101.7 FM,Thunder Bay
487,CILU-FM,Lakehead University,campus radio,LU Radio,o,134,w,102.7 FM,Thunder Bay
488,CKTG-FM,Acadia Broadcasting,country,Country 105,c,100,kW,105.3 FM,Thunder Bay
489,CBCL-FM-1,CBC Radio One,public news/talk,CBC Radio One,1,1.28,kW,88.7 FM,Tillsonburg
490,CKOT-FM,Tillsonburg Broadcasting,adult contemporary,Easy 101 3,m,26,kW,101.3 FM,Tillsonburg
491,CJDL-FM,Tillsonburg Broadcasting,country,Country 107.3,c,7.8,kW,107.3 FM,Tillsonburg
492,CJQQ-FM,Rogers Communications,active rock,92 1 Rock,p,40,kW,92.1 FM,Timmins
493,CHMT-FM,Vista Broadcast Group,adult hits,93 1 Moose FM,p,16.4,kW,93.1 FM,Timmins
494,CBCJ-FM,CBC Radio One,public news/talk,CBC Radio One,1,11,kW,96.1 FM,Timmins
495,CBON-FM-25,Ici Radio-Canada Première,public news/talk (French),IRC Première,A,11,kW,97.1 FM,Timmins
496,CKGB-FM,Rogers Communications,hot adult contemporary,Kiss 99.3,p,40,kW,99.3 FM,Timmins
497,CHYK-FM,Le5 Communications,hot adult contemporary (French),Le Loup 104.1,F,2.8,kW,104.1 FM,Timmins
498,CJTK-FM-5,Eternacom,Christian radio,KFM,g,1.4,kW,105.5 FM,Timmins
499,CJWT-FM,Wawatay,First Nations community radio,WRN,e,50,w,106.7 FM,Timmins
501,CJCL,Rogers Communications,sports,Sportsnet 590 The Fan,n,50,kW,590 AM,Toronto
502,CFTR,Rogers Communications,news,680 News,n,50,kW,680 AM,Toronto
503,CFZM,ZoomerMedia,pop standards,Zoomer Radio,m,50,kW,740 AM,Toronto
504,CJBC,Ici Radio-Canada Première,public news/talk (French),IRC Première,A,50,kW,860 AM,Toronto
505,CFRB,Bell Media Radio,news/talk,NewsTalk 1010,n,50,kW,1010 AM,Toronto
506,CHUM,Bell Media Radio,sports,TSN 1050,n,50,kW,1050 AM,Toronto
507,CJRU,Ryerson University,campus radio,The Scope,o,99,w,1280 AM,Toronto
508,CHKT,Fairchild Radio,multilingual,AM 1430,e,50,kW,1430 AM,Toronto
509,CHIN,CHIN Radio/TV International,multilingual,CHIN,e,50/30,kW,1540 AM,Toronto
510,CHHA,San Lorenzo Latin American Community Centre,community radio (Spanish),CHHA 1610,e,6.25,kW,1610 AM,Toronto
511,CHTO,Canadian Hellenic Toronto Radio,multilingual,CHTO AM,e,6/1,kW,1690 AM,Toronto
512,CIND-FM,Rock 95 Broadcasting,indie rock,Indie 88,p,12,kW,88.1 FM,Toronto
513,CIRV-FM,Frank Alvarez,multilingual,Red FM,e,4.18,kW,88.9 FM,Toronto
514,CIUT-FM,University of Toronto,campus radio,CIUT,o,15,kW,89.5 FM,Toronto
515,CJBC-FM,Ici Musique,public music (French),Ici musique,Q,10,kW,90.3 FM,Toronto
516,CJRT-FM,CJRT-FM Inc.,jazz,Jazz FM 91,s,40,kW,91.1 FM,Toronto
517,CHIN-1-FM,CHIN Radio/TV International,multilingual,CHIN,e,5,kW,91.9 FM,Toronto
518,CKIS-FM,Rogers Communications,CHR,Kiss 92 5,p,13,kW,92.5 FM,Toronto
519,CFXJ-FM,Stingray Digital,Rhythmic contemporary,Flow 93 5,p,3.706,kW,93.5 FM,Toronto
520,CBL-FM,CBC Music,public music,CBC Music,2,38,kW,94.1 FM,Toronto
521,CJKX-FM-2,Durham Radio,country,KX 96,c,220,w,95.9 FM,Toronto
522,CFMZ-FM,ZoomerMedia,classical,Classical FM,s,60,kW,96.3 FM,Toronto
523,CKHC-FM,Humber College,campus radio,Radio Humber,o,60,w,96.9 FM,Toronto
524,CHBM-FM,Stingray Digital,classic hits,boom 97 3,p,28.9,kW,97.3 FM,Toronto
525,CHFI-FM,Rogers Communications,soft adult contemporary,98.1 CHFI,m,44,kW,98.1 FM,Toronto
526,CKFG-FM,Intercity Broadcasting Network,multilingual,G98 7,p,1,kW,98.7 FM,Toronto
527,CBLA-FM,CBC Radio One,public news/talk,CBC Radio One,1,98,kW,99.1 FM,Toronto
528,CKFM-FM,Bell Media Radio,CHR,99 9 Virgin Radio,p,40,kW,99.9 FM,Toronto
529,CHIN-FM,CHIN Radio/TV International,multilingual,CHIN,e,8.5,kW,100.7 FM,Toronto
530,CJSA-FM,Diversity Media Group,multilingual,CMR,e,850,w,101.3 FM,Toronto
531,CIRR-FM,Evanov Communications,LGBT-targeted CHR,Proud FM,s,225,w,103.9 FM,Toronto
532,CHUM-FM,Bell Media Radio,hot adult contemporary,CHUM 104 5,p,40,kW,104.5 FM,Toronto
533,CHOQ-FM,Cooperative Radio-Toronto,community radio (French),CHOQ FM,F,1.5,kW,105.1 FM,Toronto
534,CHRY-FM,Canadian Centre for Civic Media and Arts Development Inc.,urban alternative,Vibe 105,o,250,w,105.5 FM,Toronto
535,CFPT-FM,First Peoples Radio Inc.,First Nations,elmnt fm,e,2.95,kW,106.5 FM,Toronto
536,CILQ-FM,Corus Entertainment,classic rock,Q107,p,40,kW,107.1 FM,Toronto
537,CIUX-FM,Frank Torres (OBCI),classic hits,105.5 Hits FM,p,900,w,105.5 FM,Uxbridge
540,CKQV-FM,Norwesto Communications,CHR,Q104,p,1.6,kW,103.3 FM,Vermilion Bay
541,CKXS-FM,Five Amigos Broadcasting,variety hits,99 1 CKXS,p,3,kW,99.1 FM,Wallaceburg
542,CFRZ-FM,Walpole Island First Nation Radio,First Nations community radio,CFRZ,e,50,w,98.3 FM,Walpole Island
544,CIDE-FM-17,Wawatay,First Nations community radio,Wahsa,e,10,w,91.9 FM,Wapekeka
545,CHGB-FM,Bayshore Broadcasting,adult hits,97 7 Max FM,p,700,w,97.7 FM,Wasaga Beach
546,CHRZ-FM,Wasauksing Communications Group,First Nations community radio,ReZ 91,e,60,w,91.3 FM,Wasauksing
547,CKWR-FM,Wired World Inc.,community radio,98.5 CKWR,o,2.4,kW,98.5 FM,Waterloo
548,CKKW-FM,Bell Media Radio,oldies,99.5 KFun,m,4.3,kW,99.5 FM,Waterloo
549,CKMS-FM,Radio Waterloo,community radio,CKMS,o,250,w,102.7 FM,Waterloo
550,CFCA-FM,Bell Media Radio,hot adult contemporary,105 3 Virgin Radio,p,100,kW,105.3 FM,Waterloo
551,CIKZ-FM,Rogers Communications,country,Country 106.7,c,5,kW,106.7 FM,Waterloo
552,CBLJ-FM,CBC Radio One,public news/talk,CBC Radio One,1,4.807,kW,88.3 FM,Wawa
553,CBON-FM-27,Ici Radio-Canada Première,public news/talk (French),IRC Première,A,890,w,90.7 FM,Wawa
554,CJWA-FM,Labbe Media,adult contemporary,Jjam FM,p,210,w,107.1 FM,Wawa
556,CIDE-FM-18,Wawatay,First Nations community radio,Wahsa,e,10,w,91.9 FM,Weagamow Lake
558,CIDE-FM-20,Wawatay,First Nations community radio,Wahsa,e,8,w,91.9 FM,Webequie
559,CKYY-FM,[Stingray Media],country,Country 89,c,4.25,kW,89.1 FM,Welland
560,CIXL-FM,[Stingray Media],classic rock,91.7 Giant FM,p,50,kW,91.7 FM,Welland
561,CIWS-FM,WhiStle Community Radio,community radio,Whistle Radio,o,50,w,102.9 FM,Whitchurch–Stouffville
562,CBLW-FM,CBC Radio One,public news/talk,CBC Radio One,1,50,w,97.7 FM,White River
563,CFNO-FM-8,Dougall Media,adult contemporary,CFNO,p,20,w,100.7 FM,White River
565,CBCW-FM,CBC Radio One,public news/talk,CBC Radio One,1,162,w,98.5 FM,Whitney
566,CBL-FM-4,CBC Music,public music,CBC Music,2,20.22,kW,97.1 FM,Wiarton
567,CHCR-FM-1,Homegrown Community Radio,community radio,CHCR,o,35,w,104.5 FM,Wilno
568,CKWW,Bell Media Radio,oldies,AM 580,m,500,w,580 AM,Windsor
569,CKLW,Bell Media Radio,news/talk,AM 800,n,50,kW,800 AM,Windsor
570,CBEF,Ici Radio-Canada Première,public news/talk (French),IRC Première,A,10,kW,1550 AM,Windsor
571,CIMX-FM,Bell Media Radio,modern rock,89X,p,100,kW,88.7 FM,Windsor
572,CBE-FM,CBC Music,public music,CBC Music,2,100,kW,89.9 FM,Windsor
573,CJAH-FM,United Christian Broadcasters Canada,Christian radio,UCB Canada,g,7.5,kW,90.5 FM,Windsor
574,CIDR-FM,Bell Media Radio,adult album alternative,93 9 The River,p,100,kW,93.9 FM,Windsor
575,CJWF-FM,Blackburn Radio,country,Country 95 9,c,11.8,kW,95.9 FM,Windsor
576,CBEW-FM,CBC Radio One,public news/talk,CBC Radio One,1,19,kW,97.5 FM,Windsor
577,CJAM-FM,University of Windsor,campus radio,CJAM,o,2.084,kW,99.1 FM,Windsor
578,CKUE-FM-1,Blackburn Radio,classic hits,Cool FM,p,9,kW,100.7 FM,Windsor
579,CINA-FM,Neeti P. Ray (OBCI),multilingual,CINA Radio,e,5,kW,102.3 FM,Windsor
580,CJBC-FM-1,Ici Musique,public music (French),Ici musique,Q,6,kW,103.9 FM,Windsor
581,CBEF-2-FM,Ici Radio-Canada Première,public news/talk (French),IRC Première,A,2.4,kW,105.5 FM,Windsor
582,CKNX,Blackburn Radio,country,CKNX,c,10/1,kW,920 AM,Wingham
583,CIBU-FM,Blackburn Radio,classic rock,Classic Rock 94 5,p,75,kW,94.5 FM,Wingham
584,CBLA-FM-3,CBC Radio One,public news/talk,CBC Radio One,1,30,kW,100.9 FM,Wingham
585,CKNX-FM,Blackburn Radio,adult contemporary,101.7 The One,p,100,kW,101.7 FM,Wingham
586,CJFH-FM,Sound of Faith Broadcasting,Christian radio,Hope FM,g,37,w,94.3 FM,Woodstock
587,CKDK-FM,Corus Entertainment,country,Country 104,c,51,kW,103.9 FM,Woodstock
588,CIHR-FM,Byrnes Communications,adult contemporary,Heart FM,p,20,kW,104.7 FM,Woodstock
590,CIDE-FM-19,Wawatay,First Nations community radio,Wahsa,e,10,w,91.9 FM,Wunnummin Lake
